mode: set
github.com/byteport/api/auth_handlers.go:15.43,21.47 2 1
github.com/byteport/api/auth_handlers.go:21.47,24.3 2 1
github.com/byteport/api/auth_handlers.go:27.2,30.54 3 1
github.com/byteport/api/auth_handlers.go:30.54,33.3 2 1
github.com/byteport/api/auth_handlers.go:36.2,46.16 5 0
github.com/byteport/api/auth_handlers.go:46.16,49.3 2 0
github.com/byteport/api/auth_handlers.go:50.2,57.70 3 0
github.com/byteport/api/auth_handlers.go:57.70,60.3 2 0
github.com/byteport/api/auth_handlers.go:63.2,68.16 5 0
github.com/byteport/api/auth_handlers.go:68.16,71.3 2 0
github.com/byteport/api/auth_handlers.go:72.2,81.73 3 0
github.com/byteport/api/auth_handlers.go:81.73,84.3 2 0
github.com/byteport/api/auth_handlers.go:87.2,90.25 3 0
github.com/byteport/api/auth_handlers.go:90.25,99.55 3 0
github.com/byteport/api/auth_handlers.go:99.55,102.4 2 0
github.com/byteport/api/auth_handlers.go:107.2,123.4 3 0
github.com/byteport/api/auth_handlers.go:127.36,131.79 3 1
github.com/byteport/api/auth_handlers.go:131.79,134.3 2 1
github.com/byteport/api/auth_handlers.go:136.2,136.29 1 1
github.com/byteport/api/auth_handlers_workos.go:24.47,32.102 2 1
github.com/byteport/api/auth_handlers_workos.go:32.102,34.3 1 1
github.com/byteport/api/auth_handlers_workos.go:37.2,37.59 1 1
github.com/byteport/api/auth_handlers_workos.go:37.59,38.63 1 0
github.com/byteport/api/auth_handlers_workos.go:38.63,39.99 1 0
github.com/byteport/api/auth_handlers_workos.go:39.99,41.5 1 0
github.com/byteport/api/auth_handlers_workos.go:46.2,50.68 3 1
github.com/byteport/api/auth_handlers_workos.go:50.68,52.3 1 0
github.com/byteport/api/auth_handlers_workos.go:55.2,61.8 2 1
github.com/byteport/api/auth_handlers_workos.go:65.56,67.16 2 1
github.com/byteport/api/auth_handlers_workos.go:67.16,73.3 2 0
github.com/byteport/api/auth_handlers_workos.go:75.2,78.4 1 1
github.com/byteport/api/auth_handlers_workos.go:82.59,84.47 2 1
github.com/byteport/api/auth_handlers_workos.go:84.47,90.3 2 1
github.com/byteport/api/auth_handlers_workos.go:93.2,94.16 2 0
github.com/byteport/api/auth_handlers_workos.go:94.16,100.3 2 0
github.com/byteport/api/auth_handlers_workos.go:103.2,104.16 2 0
github.com/byteport/api/auth_handlers_workos.go:104.16,110.3 2 0
github.com/byteport/api/auth_handlers_workos.go:113.2,121.16 3 0
github.com/byteport/api/auth_handlers_workos.go:121.16,127.3 2 0
github.com/byteport/api/auth_handlers_workos.go:130.2,144.4 2 0
github.com/byteport/api/auth_handlers_workos.go:148.49,150.13 2 0
github.com/byteport/api/auth_handlers_workos.go:150.13,156.3 2 0
github.com/byteport/api/auth_handlers_workos.go:158.2,160.4 1 0
github.com/byteport/api/auth_handlers_workos.go:164.66,166.49 2 1
github.com/byteport/api/auth_handlers_workos.go:166.49,172.3 2 0
github.com/byteport/api/auth_handlers_workos.go:175.2,180.4 2 1
github.com/byteport/api/auth_handlers_workos.go:184.57,190.86 3 1
github.com/byteport/api/auth_handlers_workos.go:190.86,192.3 1 1
github.com/byteport/api/auth_handlers_workos.go:194.2,194.127 1 1
github.com/byteport/api/auth_handlers_workos.go:194.127,199.3 1 1
github.com/byteport/api/auth_handlers_workos.go:201.2,201.117 1 1
github.com/byteport/api/auth_handlers_workos.go:201.117,203.3 1 1
github.com/byteport/api/auth_handlers_workos.go:205.2,205.117 1 1
github.com/byteport/api/auth_handlers_workos.go:205.117,207.3 1 1
github.com/byteport/api/auth_handlers_workos.go:209.2,212.4 1 1
github.com/byteport/api/auth_handlers_workos.go:216.53,230.2 2 1
github.com/byteport/api/auth_handlers_workos.go:233.56,236.2 2 1
github.com/byteport/api/auth_handlers_workos.go:236.2,240.3 3 1
github.com/byteport/api/auth_handlers_workos.go:243.2,245.2 3 1
github.com/byteport/api/auth_handlers_workos.go:245.2,249.3 3 1
github.com/byteport/api/auth_handlers_workos.go:252.2,254.2 3 1
github.com/byteport/api/auth_handlers_workos.go:254.2,255.46 1 1
github.com/byteport/api/auth_handlers_workos.go:255.46,263.21 3 1
github.com/byteport/api/auth_handlers_workos.go:263.21,265.5 1 0
github.com/byteport/api/auth_handlers_workos.go:267.4,267.33 1 1
github.com/byteport/api/handlers.go:35.59,36.30 1 1
github.com/byteport/api/handlers.go:36.30,38.48 2 1
github.com/byteport/api/handlers.go:38.48,44.4 2 1
github.com/byteport/api/handlers.go:47.3,47.25 1 1
github.com/byteport/api/handlers.go:47.25,49.4 1 1
github.com/byteport/api/handlers.go:52.3,52.37 1 1
github.com/byteport/api/handlers.go:52.37,58.4 2 1
github.com/byteport/api/handlers.go:61.3,92.5 5 1
github.com/byteport/api/handlers.go:97.68,98.30 1 1
github.com/byteport/api/handlers.go:98.30,102.35 3 1
github.com/byteport/api/handlers.go:102.35,111.4 1 1
github.com/byteport/api/handlers.go:113.3,116.5 1 1
github.com/byteport/api/handlers.go:121.66,122.30 1 1
github.com/byteport/api/handlers.go:122.30,126.24 3 1
github.com/byteport/api/handlers.go:126.24,131.4 2 1
github.com/byteport/api/handlers.go:133.3,133.36 1 1
github.com/byteport/api/handlers.go:138.72,139.30 1 1
github.com/byteport/api/handlers.go:139.30,143.24 3 1
github.com/byteport/api/handlers.go:143.24,148.4 2 1
github.com/byteport/api/handlers.go:151.3,158.5 4 1
github.com/byteport/api/handlers.go:163.62,164.30 1 1
github.com/byteport/api/handlers.go:164.30,168.24 3 1
github.com/byteport/api/handlers.go:168.24,173.4 2 0
github.com/byteport/api/handlers.go:175.3,182.32 2 1
github.com/byteport/api/handlers.go:187.60,188.30 1 1
github.com/byteport/api/handlers.go:188.30,192.24 3 1
github.com/byteport/api/handlers.go:192.24,197.4 2 1
github.com/byteport/api/handlers.go:200.3,226.5 2 1
github.com/byteport/api/handlers.go:231.63,232.30 1 1
github.com/byteport/api/handlers.go:232.30,236.24 3 1
github.com/byteport/api/handlers.go:236.24,241.4 2 1
github.com/byteport/api/handlers.go:244.3,256.33 2 1
github.com/byteport/api/handlers.go:261.42,267.47 2 1
github.com/byteport/api/handlers.go:267.47,270.3 2 1
github.com/byteport/api/handlers.go:272.2,279.37 2 1
github.com/byteport/api/handlers.go:283.41,294.2 2 1
github.com/byteport/api/handlers.go:297.39,309.2 3 1
github.com/byteport/api/handlers.go:312.42,319.2 2 1
github.com/byteport/api/handlers.go:322.38,327.47 2 1
github.com/byteport/api/handlers.go:327.47,330.3 2 1
github.com/byteport/api/handlers.go:333.2,340.34 2 1
github.com/byteport/api/handlers.go:344.41,350.47 2 1
github.com/byteport/api/handlers.go:350.47,353.3 2 1
github.com/byteport/api/handlers.go:355.2,369.29 2 1
github.com/byteport/api/handlers.go:373.43,376.50 2 1
github.com/byteport/api/handlers.go:376.50,379.3 2 1
github.com/byteport/api/handlers.go:381.2,387.35 2 1
github.com/byteport/api/handlers.go:392.51,393.17 1 1
github.com/byteport/api/handlers.go:394.18,395.18 1 1
github.com/byteport/api/handlers.go:396.17,397.18 1 1
github.com/byteport/api/handlers.go:398.18,399.20 1 1
github.com/byteport/api/handlers.go:400.10,401.18 1 1
github.com/byteport/api/handlers.go:405.44,407.26 2 1
github.com/byteport/api/handlers.go:407.26,408.20 1 1
github.com/byteport/api/handlers.go:408.20,410.4 1 1
github.com/byteport/api/handlers.go:412.2,412.14 1 1
github.com/byteport/api/handlers.go:415.58,416.18 1 1
github.com/byteport/api/handlers.go:417.16,418.52 1 1
github.com/byteport/api/handlers.go:419.17,420.53 1 1
github.com/byteport/api/handlers.go:421.16,422.54 1 1
github.com/byteport/api/handlers.go:423.17,424.56 1 1
github.com/byteport/api/handlers.go:425.18,426.53 1 1
github.com/byteport/api/handlers.go:427.26,428.51 1 1
github.com/byteport/api/handlers.go:429.10,430.53 1 1
github.com/byteport/api/handlers.go:434.37,435.16 1 1
github.com/byteport/api/handlers.go:436.31,437.12 1 1
github.com/byteport/api/handlers.go:438.18,439.13 1 1
github.com/byteport/api/handlers.go:440.16,441.11 1 1
github.com/byteport/api/handlers.go:442.10,443.12 1 1
github.com/byteport/api/handlers.go:447.60,452.23 3 1
github.com/byteport/api/handlers.go:452.23,456.3 3 0
github.com/byteport/api/handlers_test_helper_unit.go:11.52,13.2 1 0
github.com/byteport/api/main.go:16.13,22.47 3 0
github.com/byteport/api/main.go:22.47,24.3 1 0
github.com/byteport/api/main.go:24.8,26.3 1 0
github.com/byteport/api/main.go:28.2,28.28 1 0
github.com/byteport/api/main.go:28.28,30.3 1 0
github.com/byteport/api/main.go:32.2,32.54 1 0
github.com/byteport/api/main.go:32.54,34.3 1 0
github.com/byteport/api/main.go:36.2,38.45 2 0
github.com/byteport/api/main.go:38.45,40.3 1 0
github.com/byteport/api/main.go:42.2,43.16 2 0
github.com/byteport/api/main.go:43.16,45.3 1 0
github.com/byteport/api/main.go:47.2,48.25 2 0
github.com/byteport/api/main.go:48.25,50.3 1 0
github.com/byteport/api/main.go:53.2,63.48 8 0
github.com/byteport/api/main.go:63.48,65.3 1 0
github.com/byteport/api/server.go:21.54,40.2 6 0
github.com/byteport/api/server.go:40.2,51.3 6 0
github.com/byteport/api/server.go:51.3,60.4 4 0
github.com/byteport/api/server.go:60.4,70.5 7 0
github.com/byteport/api/server.go:74.3,79.30 4 0
github.com/byteport/api/server.go:82.2,86.3 1 0
github.com/byteport/api/server.go:89.37,92.29 3 0
github.com/byteport/api/server.go:92.29,94.19 2 0
github.com/byteport/api/server.go:94.19,96.4 1 0
github.com/byteport/api/server.go:98.2,98.23 1 0
github.com/byteport/api/server.go:98.23,105.3 1 0
github.com/byteport/api/server.go:106.2,106.16 1 0
github.com/byteport/api/server.go:110.36,122.2 1 0
github.com/byteport/api/server.go:125.35,131.2 1 0
github.com/byteport/api/server.go:134.33,189.2 1 0
github.com/byteport/api/types.go:30.44,34.2 1 1
github.com/byteport/api/types.go:37.55,41.2 3 1
github.com/byteport/api/types.go:44.54,48.2 3 1
github.com/byteport/api/types.go:51.58,55.2 3 1
github.com/byteport/api/types.go:58.45,62.2 3 0
github.com/byteport/api/types.go:65.48,70.36 4 1
github.com/byteport/api/types.go:70.36,72.3 1 1
github.com/byteport/api/types.go:73.2,73.15 1 1
github.com/byteport/api/internal/infrastructure/auth/workos_service.go:35.79,39.2 1 1
github.com/byteport/api/internal/infrastructure/auth/workos_service.go:42.67,44.16 2 1
github.com/byteport/api/internal/infrastructure/auth/workos_service.go:44.16,46.3 1 1
github.com/byteport/api/internal/infrastructure/auth/workos_service.go:49.2,54.12 2 1
github.com/byteport/api/internal/infrastructure/auth/workos_service.go:58.97,59.21 1 1
github.com/byteport/api/internal/infrastructure/auth/workos_service.go:59.21,61.3 1 1
github.com/byteport/api/internal/infrastructure/auth/workos_service.go:64.2,70.16 3 1
github.com/byteport/api/internal/infrastructure/auth/workos_service.go:70.16,72.3 1 0
github.com/byteport/api/internal/infrastructure/auth/workos_service.go:74.2,74.22 1 1
github.com/byteport/api/internal/infrastructure/auth/workos_service.go:101.100,102.36 1 1
github.com/byteport/api/internal/infrastructure/auth/workos_service.go:102.36,104.3 1 0
github.com/byteport/api/internal/infrastructure/auth/workos_service.go:107.2,107.76 1 1
github.com/byteport/api/internal/infrastructure/auth/workos_service.go:107.76,109.3 1 1
github.com/byteport/api/internal/infrastructure/auth/workos_service.go:112.2,113.16 2 0
github.com/byteport/api/internal/infrastructure/auth/workos_service.go:113.16,115.3 1 0
github.com/byteport/api/internal/infrastructure/auth/workos_service.go:118.2,119.34 2 0
github.com/byteport/api/internal/infrastructure/auth/workos_service.go:119.34,121.3 1 0
github.com/byteport/api/internal/infrastructure/auth/workos_service.go:124.2,125.16 2 0
github.com/byteport/api/internal/infrastructure/auth/workos_service.go:125.16,127.3 1 0
github.com/byteport/api/internal/infrastructure/auth/workos_service.go:130.2,132.16 3 0
github.com/byteport/api/internal/infrastructure/auth/workos_service.go:132.16,134.3 1 0
github.com/byteport/api/internal/infrastructure/auth/workos_service.go:137.2,139.17 1 0
github.com/byteport/api/internal/infrastructure/auth/workos_service.go:139.17,141.3 1 0
github.com/byteport/api/internal/infrastructure/auth/workos_service.go:144.2,152.78 2 0
github.com/byteport/api/internal/infrastructure/auth/workos_service.go:152.78,155.25 3 0
github.com/byteport/api/internal/infrastructure/auth/workos_service.go:155.25,157.4 1 0
github.com/byteport/api/internal/infrastructure/auth/workos_service.go:160.2,160.22 1 0
github.com/byteport/api/internal/infrastructure/auth/workos_service.go:164.78,167.20 2 1
github.com/byteport/api/internal/infrastructure/auth/workos_service.go:167.20,169.3 1 0
github.com/byteport/api/internal/infrastructure/auth/workos_service.go:171.2,173.20 3 1
github.com/byteport/api/internal/infrastructure/auth/workos_service.go:173.20,175.3 1 1
github.com/byteport/api/internal/infrastructure/auth/workos_service.go:177.2,182.8 1 1
github.com/byteport/api/internal/infrastructure/auth/workos_service.go:186.105,189.16 2 0
github.com/byteport/api/internal/infrastructure/auth/workos_service.go:189.16,191.3 1 0
github.com/byteport/api/internal/infrastructure/auth/workos_service.go:192.2,194.38 2 0
github.com/byteport/api/internal/infrastructure/auth/workos_service.go:194.38,196.3 1 0
github.com/byteport/api/internal/infrastructure/auth/workos_service.go:198.2,199.16 2 0
github.com/byteport/api/internal/infrastructure/auth/workos_service.go:199.16,201.3 1 0
github.com/byteport/api/internal/infrastructure/auth/workos_service.go:203.2,204.52 2 0
github.com/byteport/api/internal/infrastructure/auth/workos_service.go:204.52,206.3 1 0
github.com/byteport/api/internal/infrastructure/auth/workos_service.go:209.2,210.32 2 0
github.com/byteport/api/internal/infrastructure/auth/workos_service.go:210.32,211.36 1 0
github.com/byteport/api/internal/infrastructure/auth/workos_service.go:211.36,213.9 2 0
github.com/byteport/api/internal/infrastructure/auth/workos_service.go:217.2,217.24 1 0
github.com/byteport/api/internal/infrastructure/auth/workos_service.go:217.24,219.3 1 0
github.com/byteport/api/internal/infrastructure/auth/workos_service.go:222.2,223.9 2 0
github.com/byteport/api/internal/infrastructure/auth/workos_service.go:223.9,225.3 1 0
github.com/byteport/api/internal/infrastructure/auth/workos_service.go:227.2,227.23 1 0
github.com/byteport/api/internal/infrastructure/auth/workos_service.go:231.91,232.21 1 1
github.com/byteport/api/internal/infrastructure/auth/workos_service.go:232.21,234.3 1 1
github.com/byteport/api/internal/infrastructure/auth/workos_service.go:236.2,237.16 2 1
github.com/byteport/api/internal/infrastructure/auth/workos_service.go:237.16,239.3 1 0
github.com/byteport/api/internal/infrastructure/auth/workos_service.go:243.2,248.21 2 1
github.com/byteport/api/internal/infrastructure/auth/workos_service.go:252.108,253.21 1 1
github.com/byteport/api/internal/infrastructure/auth/workos_service.go:253.21,255.3 1 1
github.com/byteport/api/internal/infrastructure/auth/workos_service.go:257.2,257.35 1 1
github.com/byteport/api/internal/infrastructure/auth/workos_service.go:257.35,259.3 1 0
github.com/byteport/api/internal/infrastructure/auth/workos_service.go:262.2,262.74 1 1
github.com/byteport/api/internal/infrastructure/auth/workos_service.go:262.74,264.3 1 1
github.com/byteport/api/internal/infrastructure/auth/workos_service.go:267.2,268.16 2 0
github.com/byteport/api/internal/infrastructure/auth/workos_service.go:268.16,270.3 1 0
github.com/byteport/api/internal/infrastructure/auth/workos_service.go:273.2,274.16 2 0
github.com/byteport/api/internal/infrastructure/auth/workos_service.go:274.16,276.3 1 0
github.com/byteport/api/internal/infrastructure/auth/workos_service.go:278.2,278.23 1 0
github.com/byteport/api/internal/infrastructure/auth/workos_service.go:282.89,285.20 2 1
github.com/byteport/api/internal/infrastructure/auth/workos_service.go:285.20,287.3 1 0
github.com/byteport/api/internal/infrastructure/auth/workos_service.go:289.2,291.20 3 1
github.com/byteport/api/internal/infrastructure/auth/workos_service.go:291.20,293.3 1 0
github.com/byteport/api/internal/infrastructure/auth/workos_service.go:296.2,303.8 2 1
github.com/byteport/api/internal/infrastructure/auth/workos_service.go:307.130,320.16 4 0
github.com/byteport/api/internal/infrastructure/auth/workos_service.go:320.16,322.3 1 0
github.com/byteport/api/internal/infrastructure/auth/workos_service.go:325.2,326.16 2 0
github.com/byteport/api/internal/infrastructure/auth/workos_service.go:326.16,328.3 1 0
github.com/byteport/api/internal/infrastructure/auth/workos_service.go:330.2,335.16 5 0
github.com/byteport/api/internal/infrastructure/auth/workos_service.go:335.16,337.3 1 0
github.com/byteport/api/internal/infrastructure/auth/workos_service.go:338.2,340.38 2 0
github.com/byteport/api/internal/infrastructure/auth/workos_service.go:340.38,343.3 2 0
github.com/byteport/api/internal/infrastructure/auth/workos_service.go:346.2,347.16 2 0
github.com/byteport/api/internal/infrastructure/auth/workos_service.go:347.16,349.3 1 0
github.com/byteport/api/internal/infrastructure/auth/workos_service.go:351.2,358.58 2 0
github.com/byteport/api/internal/infrastructure/auth/workos_service.go:358.58,360.3 1 0
github.com/byteport/api/internal/infrastructure/auth/workos_service.go:363.2,368.8 1 0
github.com/byteport/api/internal/infrastructure/auth/workos_service.go:380.58,381.30 1 1
github.com/byteport/api/internal/infrastructure/auth/workos_service.go:381.30,383.23 2 1
github.com/byteport/api/internal/infrastructure/auth/workos_service.go:383.23,390.4 3 1
github.com/byteport/api/internal/infrastructure/auth/workos_service.go:392.3,393.46 2 1
github.com/byteport/api/internal/infrastructure/auth/workos_service.go:393.46,400.4 3 1
github.com/byteport/api/internal/infrastructure/auth/workos_service.go:402.3,404.17 3 1
github.com/byteport/api/internal/infrastructure/auth/workos_service.go:404.17,411.4 3 0
github.com/byteport/api/internal/infrastructure/auth/workos_service.go:414.3,418.11 4 1
github.com/byteport/api/internal/infrastructure/auth/workos_service.go:423.66,424.30 1 1
github.com/byteport/api/internal/infrastructure/auth/workos_service.go:424.30,426.23 2 1
github.com/byteport/api/internal/infrastructure/auth/workos_service.go:426.23,428.47 2 1
github.com/byteport/api/internal/infrastructure/auth/workos_service.go:428.47,430.81 2 1
github.com/byteport/api/internal/infrastructure/auth/workos_service.go:430.81,434.6 3 1
github.com/byteport/api/internal/infrastructure/auth/workos_service.go:437.3,437.11 1 1
github.com/byteport/api/internal/application/deployment/create_deployment.go:20.28,25.2 1 1
github.com/byteport/api/internal/application/deployment/create_deployment.go:31.38,33.20 1 1
github.com/byteport/api/internal/application/deployment/create_deployment.go:33.20,35.3 1 1
github.com/byteport/api/internal/application/deployment/create_deployment.go:36.2,36.21 1 1
github.com/byteport/api/internal/application/deployment/create_deployment.go:36.21,38.3 1 1
github.com/byteport/api/internal/application/deployment/create_deployment.go:41.2,42.16 2 1
github.com/byteport/api/internal/application/deployment/create_deployment.go:42.16,44.3 1 0
github.com/byteport/api/internal/application/deployment/create_deployment.go:47.2,47.38 1 1
github.com/byteport/api/internal/application/deployment/create_deployment.go:47.38,49.3 1 1
github.com/byteport/api/internal/application/deployment/create_deployment.go:52.2,52.64 1 1
github.com/byteport/api/internal/application/deployment/create_deployment.go:52.64,54.3 1 1
github.com/byteport/api/internal/application/deployment/create_deployment.go:57.2,57.55 1 1
github.com/byteport/api/internal/application/deployment/create_deployment.go:57.55,60.3 2 1
github.com/byteport/api/internal/application/deployment/create_deployment.go:63.2,72.22 2 1
github.com/byteport/api/internal/application/deployment/errors.go:13.43,14.18 1 1
github.com/byteport/api/internal/application/deployment/errors.go:14.18,16.3 1 1
github.com/byteport/api/internal/application/deployment/errors.go:17.2,17.49 1 1
github.com/byteport/api/internal/application/deployment/errors.go:20.43,22.2 1 1
github.com/byteport/api/internal/application/deployment/errors.go:36.59,42.2 1 1
github.com/byteport/api/internal/application/deployment/errors.go:44.58,50.2 1 1
github.com/byteport/api/internal/application/deployment/errors.go:52.61,58.2 1 1
github.com/byteport/api/internal/application/deployment/errors.go:60.58,66.2 1 1
github.com/byteport/api/internal/application/deployment/errors.go:68.57,74.2 1 1
github.com/byteport/api/internal/application/deployment/errors.go:76.68,83.2 1 1
github.com/byteport/api/internal/application/deployment/get_deployment.go:19.25,24.2 1 1
github.com/byteport/api/internal/application/deployment/get_deployment.go:31.35,33.16 1 1
github.com/byteport/api/internal/application/deployment/get_deployment.go:33.16,35.3 1 1
github.com/byteport/api/internal/application/deployment/get_deployment.go:36.2,36.20 1 1
github.com/byteport/api/internal/application/deployment/get_deployment.go:36.20,38.3 1 1
github.com/byteport/api/internal/application/deployment/get_deployment.go:41.2,42.16 2 1
github.com/byteport/api/internal/application/deployment/get_deployment.go:42.16,44.3 1 1
github.com/byteport/api/internal/application/deployment/get_deployment.go:45.2,45.16 1 1
github.com/byteport/api/internal/application/deployment/get_deployment.go:45.16,47.3 1 1
github.com/byteport/api/internal/application/deployment/get_deployment.go:50.2,51.16 2 1
github.com/byteport/api/internal/application/deployment/get_deployment.go:51.16,53.3 1 1
github.com/byteport/api/internal/application/deployment/get_deployment.go:54.2,54.16 1 1
github.com/byteport/api/internal/application/deployment/get_deployment.go:54.16,56.3 1 1
github.com/byteport/api/internal/application/deployment/get_deployment.go:59.2,61.22 2 1
github.com/byteport/api/internal/application/deployment/get_deployment.go:65.84,81.37 2 1
github.com/byteport/api/internal/application/deployment/get_deployment.go:81.37,89.3 1 1
github.com/byteport/api/internal/application/deployment/get_deployment.go:92.2,92.49 1 1
github.com/byteport/api/internal/application/deployment/get_deployment.go:92.49,97.3 1 1
github.com/byteport/api/internal/application/deployment/get_deployment.go:99.2,99.17 1 1
github.com/byteport/api/internal/application/deployment/list_deployments.go:15.90,19.2 1 1
github.com/byteport/api/internal/application/deployment/list_deployments.go:25.37,27.20 1 1
github.com/byteport/api/internal/application/deployment/list_deployments.go:27.20,29.3 1 1
github.com/byteport/api/internal/application/deployment/list_deployments.go:30.2,30.21 1 1
github.com/byteport/api/internal/application/deployment/list_deployments.go:30.21,32.3 1 1
github.com/byteport/api/internal/application/deployment/list_deployments.go:34.2,38.21 3 1
github.com/byteport/api/internal/application/deployment/list_deployments.go:38.21,40.3 1 1
github.com/byteport/api/internal/application/deployment/list_deployments.go:40.8,40.29 1 1
github.com/byteport/api/internal/application/deployment/list_deployments.go:40.29,42.24 2 1
github.com/byteport/api/internal/application/deployment/list_deployments.go:42.24,44.4 1 1
github.com/byteport/api/internal/application/deployment/list_deployments.go:45.3,45.61 1 1
github.com/byteport/api/internal/application/deployment/list_deployments.go:46.8,48.3 1 1
github.com/byteport/api/internal/application/deployment/list_deployments.go:50.2,50.16 1 1
github.com/byteport/api/internal/application/deployment/list_deployments.go:50.16,52.3 1 1
github.com/byteport/api/internal/application/deployment/list_deployments.go:55.2,56.21 2 1
github.com/byteport/api/internal/application/deployment/list_deployments.go:56.21,58.3 1 1
github.com/byteport/api/internal/application/deployment/list_deployments.go:58.8,60.3 1 1
github.com/byteport/api/internal/application/deployment/list_deployments.go:61.2,61.16 1 1
github.com/byteport/api/internal/application/deployment/list_deployments.go:61.16,64.3 1 1
github.com/byteport/api/internal/application/deployment/list_deployments.go:67.2,68.34 2 1
github.com/byteport/api/internal/application/deployment/list_deployments.go:68.34,80.3 2 1
github.com/byteport/api/internal/application/deployment/list_deployments.go:82.2,89.22 2 1
github.com/byteport/api/internal/application/deployment/terminate_deployment.go:20.31,25.2 1 1
github.com/byteport/api/internal/application/deployment/terminate_deployment.go:32.41,34.16 1 1
github.com/byteport/api/internal/application/deployment/terminate_deployment.go:34.16,36.3 1 1
github.com/byteport/api/internal/application/deployment/terminate_deployment.go:37.2,37.20 1 1
github.com/byteport/api/internal/application/deployment/terminate_deployment.go:37.20,39.3 1 1
github.com/byteport/api/internal/application/deployment/terminate_deployment.go:42.2,43.16 2 1
github.com/byteport/api/internal/application/deployment/terminate_deployment.go:43.16,45.3 1 1
github.com/byteport/api/internal/application/deployment/terminate_deployment.go:46.2,46.16 1 1
github.com/byteport/api/internal/application/deployment/terminate_deployment.go:46.16,48.3 1 1
github.com/byteport/api/internal/application/deployment/terminate_deployment.go:51.2,52.16 2 1
github.com/byteport/api/internal/application/deployment/terminate_deployment.go:52.16,54.3 1 1
github.com/byteport/api/internal/application/deployment/terminate_deployment.go:55.2,55.16 1 1
github.com/byteport/api/internal/application/deployment/terminate_deployment.go:55.16,57.3 1 1
github.com/byteport/api/internal/application/deployment/terminate_deployment.go:60.2,60.24 1 1
github.com/byteport/api/internal/application/deployment/terminate_deployment.go:60.24,62.3 1 1
github.com/byteport/api/internal/application/deployment/terminate_deployment.go:65.2,65.67 1 1
github.com/byteport/api/internal/application/deployment/terminate_deployment.go:65.67,67.3 1 0
github.com/byteport/api/internal/application/deployment/terminate_deployment.go:70.2,70.55 1 1
github.com/byteport/api/internal/application/deployment/terminate_deployment.go:70.55,72.3 1 1
github.com/byteport/api/internal/application/deployment/terminate_deployment.go:75.2,82.22 2 1
github.com/byteport/api/internal/application/deployment/update_status.go:19.24,24.2 1 1
github.com/byteport/api/internal/application/deployment/update_status.go:32.9,34.16 1 1
github.com/byteport/api/internal/application/deployment/update_status.go:34.16,36.3 1 1
github.com/byteport/api/internal/application/deployment/update_status.go:37.2,37.22 1 1
github.com/byteport/api/internal/application/deployment/update_status.go:37.22,39.3 1 1
github.com/byteport/api/internal/application/deployment/update_status.go:40.2,40.20 1 1
github.com/byteport/api/internal/application/deployment/update_status.go:40.20,42.3 1 1
github.com/byteport/api/internal/application/deployment/update_status.go:45.2,46.26 2 1
github.com/byteport/api/internal/application/deployment/update_status.go:46.26,48.3 1 1
github.com/byteport/api/internal/application/deployment/update_status.go:51.2,52.16 2 1
github.com/byteport/api/internal/application/deployment/update_status.go:52.16,54.3 1 1
github.com/byteport/api/internal/application/deployment/update_status.go:55.2,55.16 1 1
github.com/byteport/api/internal/application/deployment/update_status.go:55.16,57.3 1 1
github.com/byteport/api/internal/application/deployment/update_status.go:60.2,61.16 2 1
github.com/byteport/api/internal/application/deployment/update_status.go:61.16,63.3 1 1
github.com/byteport/api/internal/application/deployment/update_status.go:64.2,64.16 1 1
github.com/byteport/api/internal/application/deployment/update_status.go:64.16,66.3 1 1
github.com/byteport/api/internal/application/deployment/update_status.go:69.2,69.49 1 1
github.com/byteport/api/internal/application/deployment/update_status.go:69.49,71.3 1 1
github.com/byteport/api/internal/application/deployment/update_status.go:74.2,74.55 1 1
github.com/byteport/api/internal/application/deployment/update_status.go:74.55,76.3 1 1
github.com/byteport/api/internal/application/deployment/update_status.go:78.2,78.12 1 1
github.com/byteport/api/internal/domain/deployment/deployment.go:54.82,55.16 1 1
github.com/byteport/api/internal/domain/deployment/deployment.go:55.16,57.3 1 1
github.com/byteport/api/internal/domain/deployment/deployment.go:58.2,58.17 1 1
github.com/byteport/api/internal/domain/deployment/deployment.go:58.17,60.3 1 1
github.com/byteport/api/internal/domain/deployment/deployment.go:62.2,76.9 2 1
github.com/byteport/api/internal/domain/deployment/deployment.go:87.15,103.2 1 1
github.com/byteport/api/internal/domain/deployment/deployment.go:106.36,108.2 1 1
github.com/byteport/api/internal/domain/deployment/deployment.go:111.36,113.2 1 1
github.com/byteport/api/internal/domain/deployment/deployment.go:116.37,118.2 1 1
github.com/byteport/api/internal/domain/deployment/deployment.go:121.38,123.2 1 1
github.com/byteport/api/internal/domain/deployment/deployment.go:126.57,128.2 1 1
github.com/byteport/api/internal/domain/deployment/deployment.go:131.53,133.2 1 1
github.com/byteport/api/internal/domain/deployment/deployment.go:136.43,138.2 1 1
github.com/byteport/api/internal/domain/deployment/deployment.go:141.44,143.2 1 1
github.com/byteport/api/internal/domain/deployment/deployment.go:146.44,148.2 1 1
github.com/byteport/api/internal/domain/deployment/deployment.go:151.46,153.2 1 1
github.com/byteport/api/internal/domain/deployment/deployment.go:156.48,158.2 1 1
github.com/byteport/api/internal/domain/deployment/deployment.go:161.44,163.2 1 1
github.com/byteport/api/internal/domain/deployment/deployment.go:166.50,168.2 1 1
github.com/byteport/api/internal/domain/deployment/deployment.go:171.49,173.2 1 1
github.com/byteport/api/internal/domain/deployment/deployment.go:176.53,177.32 1 1
github.com/byteport/api/internal/domain/deployment/deployment.go:177.32,179.3 1 1
github.com/byteport/api/internal/domain/deployment/deployment.go:181.2,185.30 3 1
github.com/byteport/api/internal/domain/deployment/deployment.go:185.30,188.3 2 1
github.com/byteport/api/internal/domain/deployment/deployment.go:188.8,188.39 1 1
github.com/byteport/api/internal/domain/deployment/deployment.go:188.39,191.3 2 1
github.com/byteport/api/internal/domain/deployment/deployment.go:193.2,193.12 1 1
github.com/byteport/api/internal/domain/deployment/deployment.go:197.61,209.28 3 1
github.com/byteport/api/internal/domain/deployment/deployment.go:209.28,210.21 1 1
github.com/byteport/api/internal/domain/deployment/deployment.go:210.21,212.4 1 1
github.com/byteport/api/internal/domain/deployment/deployment.go:215.2,215.14 1 1
github.com/byteport/api/internal/domain/deployment/deployment.go:219.66,220.24 1 1
github.com/byteport/api/internal/domain/deployment/deployment.go:220.24,222.3 1 1
github.com/byteport/api/internal/domain/deployment/deployment.go:223.2,223.24 1 1
github.com/byteport/api/internal/domain/deployment/deployment.go:223.24,225.3 1 1
github.com/byteport/api/internal/domain/deployment/deployment.go:226.2,226.28 1 1
github.com/byteport/api/internal/domain/deployment/deployment.go:226.28,228.3 1 1
github.com/byteport/api/internal/domain/deployment/deployment.go:231.2,231.38 1 1
github.com/byteport/api/internal/domain/deployment/deployment.go:231.38,232.36 1 1
github.com/byteport/api/internal/domain/deployment/deployment.go:232.36,234.4 1 1
github.com/byteport/api/internal/domain/deployment/deployment.go:237.2,240.12 3 1
github.com/byteport/api/internal/domain/deployment/deployment.go:244.62,245.37 1 1
github.com/byteport/api/internal/domain/deployment/deployment.go:245.37,246.34 1 1
github.com/byteport/api/internal/domain/deployment/deployment.go:246.34,250.4 3 1
github.com/byteport/api/internal/domain/deployment/deployment.go:253.2,253.40 1 1
github.com/byteport/api/internal/domain/deployment/deployment.go:257.71,260.2 2 1
github.com/byteport/api/internal/domain/deployment/deployment.go:263.51,264.22 1 1
github.com/byteport/api/internal/domain/deployment/deployment.go:264.22,266.3 1 1
github.com/byteport/api/internal/domain/deployment/deployment.go:267.2,268.32 2 1
github.com/byteport/api/internal/domain/deployment/deployment.go:272.54,275.2 2 1
github.com/byteport/api/internal/domain/deployment/deployment.go:278.58,281.2 2 1
github.com/byteport/api/internal/domain/deployment/deployment.go:284.38,286.2 1 1
github.com/byteport/api/internal/domain/deployment/deployment.go:289.38,291.2 1 1
github.com/byteport/api/internal/domain/deployment/deployment.go:294.42,296.2 1 1
github.com/byteport/api/internal/domain/deployment/deployment.go:299.51,300.54 1 1
github.com/byteport/api/internal/domain/deployment/deployment.go:300.54,302.3 1 1
github.com/byteport/api/internal/domain/deployment/deployment.go:304.2,305.44 2 1
github.com/byteport/api/internal/domain/deployment/deployment.go:305.44,307.3 1 1
github.com/byteport/api/internal/domain/deployment/deployment.go:309.2,309.14 1 1
github.com/byteport/api/internal/domain/deployment/deployment.go:313.39,314.18 1 1
github.com/byteport/api/internal/domain/deployment/deployment.go:314.18,316.3 1 1
github.com/byteport/api/internal/domain/deployment/deployment.go:317.2,317.18 1 1
github.com/byteport/api/internal/domain/deployment/deployment.go:317.18,319.3 1 1
github.com/byteport/api/internal/domain/deployment/deployment.go:320.2,320.19 1 1
github.com/byteport/api/internal/domain/deployment/deployment.go:320.19,322.3 1 1
github.com/byteport/api/internal/domain/deployment/deployment.go:323.2,323.25 1 1
github.com/byteport/api/internal/domain/deployment/deployment.go:323.25,325.3 1 1
github.com/byteport/api/internal/domain/deployment/deployment.go:327.2,327.12 1 1
github.com/byteport/api/internal/domain/deployment/errors.go:12.38,13.18 1 1
github.com/byteport/api/internal/domain/deployment/errors.go:13.18,15.3 1 1
github.com/byteport/api/internal/domain/deployment/errors.go:16.2,16.49 1 1
github.com/byteport/api/internal/domain/deployment/errors.go:19.38,21.2 1 1
github.com/byteport/api/internal/domain/deployment/errors.go:25.61,30.2 1 1
github.com/byteport/api/internal/domain/deployment/errors.go:32.52,37.2 1 1
github.com/byteport/api/internal/domain/deployment/errors.go:39.54,44.2 1 1
github.com/byteport/api/internal/domain/deployment/errors.go:46.62,51.2 1 1
github.com/byteport/api/internal/domain/deployment/service.go:30.54,34.2 1 1
github.com/byteport/api/internal/domain/deployment/service.go:37.95,38.23 1 1
github.com/byteport/api/internal/domain/deployment/service.go:38.23,40.3 1 1
github.com/byteport/api/internal/domain/deployment/service.go:43.2,43.46 1 1
github.com/byteport/api/internal/domain/deployment/service.go:43.46,45.3 1 1
github.com/byteport/api/internal/domain/deployment/service.go:48.2,49.16 2 1
github.com/byteport/api/internal/domain/deployment/service.go:49.16,51.3 1 1
github.com/byteport/api/internal/domain/deployment/service.go:53.2,53.44 1 1
github.com/byteport/api/internal/domain/deployment/service.go:53.44,54.83 1 1
github.com/byteport/api/internal/domain/deployment/service.go:54.83,56.4 1 1
github.com/byteport/api/internal/domain/deployment/service.go:59.2,59.12 1 1
github.com/byteport/api/internal/domain/deployment/service.go:63.117,65.16 2 1
github.com/byteport/api/internal/domain/deployment/service.go:65.16,67.3 1 1
github.com/byteport/api/internal/domain/deployment/service.go:69.2,69.23 1 1
github.com/byteport/api/internal/domain/deployment/service.go:69.23,71.3 1 1
github.com/byteport/api/internal/domain/deployment/service.go:74.2,74.44 1 1
github.com/byteport/api/internal/domain/deployment/service.go:78.112,84.44 2 1
github.com/byteport/api/internal/domain/deployment/service.go:84.44,88.3 2 1
github.com/byteport/api/internal/domain/deployment/service.go:90.2,91.33 2 1
github.com/byteport/api/internal/domain/deployment/service.go:91.33,93.3 1 1
github.com/byteport/api/internal/domain/deployment/service.go:95.2,98.8 1 1
github.com/byteport/api/internal/domain/deployment/service.go:102.140,113.13 3 1
github.com/byteport/api/internal/domain/deployment/service.go:113.13,115.3 1 1
github.com/byteport/api/internal/domain/deployment/service.go:117.2,117.22 1 1
github.com/byteport/api/internal/domain/deployment/service.go:121.64,142.49 2 1
github.com/byteport/api/internal/domain/deployment/service.go:142.49,143.46 1 1
github.com/byteport/api/internal/domain/deployment/service.go:143.46,145.4 1 1
github.com/byteport/api/internal/domain/deployment/service.go:148.2,148.12 1 1
github.com/byteport/api/internal/domain/deployment/status.go:17.32,18.11 1 1
github.com/byteport/api/internal/domain/deployment/status.go:20.67,21.14 1 1
github.com/byteport/api/internal/domain/deployment/status.go:22.10,23.15 1 1
github.com/byteport/api/internal/domain/deployment/status.go:28.33,30.2 1 1
github.com/byteport/api/internal/domain/deployment/status.go:33.32,35.2 1 1
github.com/byteport/api/internal/domain/deployment/status.go:38.39,40.2 1 1
github.com/byteport/api/internal/infrastructure/http/handlers/deployment_handler.go:26.22,34.2 1 1
github.com/byteport/api/internal/infrastructure/http/handlers/deployment_handler.go:37.69,39.2 2 1
github.com/byteport/api/internal/infrastructure/http/handlers/deployment_handler.go:39.2,45.3 5 1
github.com/byteport/api/internal/infrastructure/http/handlers/deployment_handler.go:58.62,60.47 2 1
github.com/byteport/api/internal/infrastructure/http/handlers/deployment_handler.go:60.47,66.3 2 1
github.com/byteport/api/internal/infrastructure/http/handlers/deployment_handler.go:68.2,69.16 2 1
github.com/byteport/api/internal/infrastructure/http/handlers/deployment_handler.go:69.16,72.3 2 1
github.com/byteport/api/internal/infrastructure/http/handlers/deployment_handler.go:74.2,74.38 1 1
github.com/byteport/api/internal/infrastructure/http/handlers/deployment_handler.go:86.59,91.16 4 1
github.com/byteport/api/internal/infrastructure/http/handlers/deployment_handler.go:91.16,94.3 2 1
github.com/byteport/api/internal/infrastructure/http/handlers/deployment_handler.go:96.2,96.33 1 1
github.com/byteport/api/internal/infrastructure/http/handlers/deployment_handler.go:111.61,113.48 2 1
github.com/byteport/api/internal/infrastructure/http/handlers/deployment_handler.go:113.48,119.3 2 1
github.com/byteport/api/internal/infrastructure/http/handlers/deployment_handler.go:121.2,122.16 2 1
github.com/byteport/api/internal/infrastructure/http/handlers/deployment_handler.go:122.16,125.3 2 1
github.com/byteport/api/internal/infrastructure/http/handlers/deployment_handler.go:127.2,127.33 1 1
github.com/byteport/api/internal/infrastructure/http/handlers/deployment_handler.go:139.65,144.16 4 1
github.com/byteport/api/internal/infrastructure/http/handlers/deployment_handler.go:144.16,147.3 2 1
github.com/byteport/api/internal/infrastructure/http/handlers/deployment_handler.go:149.2,149.33 1 1
github.com/byteport/api/internal/infrastructure/http/handlers/deployment_handler.go:164.58,169.47 4 1
github.com/byteport/api/internal/infrastructure/http/handlers/deployment_handler.go:169.47,175.3 2 1
github.com/byteport/api/internal/infrastructure/http/handlers/deployment_handler.go:177.2,178.16 2 1
github.com/byteport/api/internal/infrastructure/http/handlers/deployment_handler.go:178.16,181.3 2 1
github.com/byteport/api/internal/infrastructure/http/handlers/deployment_handler.go:183.2,183.32 1 1
github.com/byteport/api/internal/infrastructure/http/handlers/deployment_handler.go:193.56,194.58 1 1
github.com/byteport/api/internal/infrastructure/http/handlers/deployment_handler.go:194.58,200.3 2 1
github.com/byteport/api/internal/infrastructure/http/handlers/deployment_handler.go:203.2,206.4 1 1
github.com/byteport/api/internal/infrastructure/http/handlers/deployment_handler.go:210.41,212.52 1 1
github.com/byteport/api/internal/infrastructure/http/handlers/deployment_handler.go:212.52,213.40 1 1
github.com/byteport/api/internal/infrastructure/http/handlers/deployment_handler.go:213.40,215.4 1 1
github.com/byteport/api/internal/infrastructure/http/handlers/deployment_handler.go:217.2,217.11 1 1
github.com/byteport/api/internal/infrastructure/http/handlers/test_helpers.go:17.84,20.2 2 1
github.com/byteport/api/internal/infrastructure/http/handlers/test_helpers.go:22.99,24.24 2 1
github.com/byteport/api/internal/infrastructure/http/handlers/test_helpers.go:24.24,26.3 1 1
github.com/byteport/api/internal/infrastructure/http/handlers/test_helpers.go:27.2,27.56 1 1
github.com/byteport/api/internal/infrastructure/http/handlers/test_helpers.go:30.103,32.24 2 1
github.com/byteport/api/internal/infrastructure/http/handlers/test_helpers.go:32.24,34.3 1 1
github.com/byteport/api/internal/infrastructure/http/handlers/test_helpers.go:35.2,35.58 1 1
github.com/byteport/api/internal/infrastructure/http/handlers/test_helpers.go:38.111,40.24 2 1
github.com/byteport/api/internal/infrastructure/http/handlers/test_helpers.go:40.24,42.3 1 1
github.com/byteport/api/internal/infrastructure/http/handlers/test_helpers.go:43.2,43.58 1 1
github.com/byteport/api/internal/infrastructure/http/handlers/test_helpers.go:46.112,48.24 2 1
github.com/byteport/api/internal/infrastructure/http/handlers/test_helpers.go:48.24,50.3 1 1
github.com/byteport/api/internal/infrastructure/http/handlers/test_helpers.go:51.2,51.58 1 1
github.com/byteport/api/internal/infrastructure/http/handlers/test_helpers.go:54.101,56.24 2 1
github.com/byteport/api/internal/infrastructure/http/handlers/test_helpers.go:56.24,58.3 1 1
github.com/byteport/api/internal/infrastructure/http/handlers/test_helpers.go:59.2,59.58 1 1
github.com/byteport/api/internal/infrastructure/http/handlers/test_helpers.go:62.68,65.2 2 1
github.com/byteport/api/internal/infrastructure/http/handlers/test_helpers.go:67.89,70.2 2 1
github.com/byteport/api/internal/infrastructure/http/handlers/test_helpers.go:72.84,75.2 2 1
github.com/byteport/api/internal/infrastructure/http/handlers/test_helpers.go:77.73,80.2 2 1
github.com/byteport/api/internal/infrastructure/http/handlers/test_helpers.go:87.93,90.2 2 1
github.com/byteport/api/internal/infrastructure/http/handlers/test_helpers.go:92.115,95.2 2 1
github.com/byteport/api/internal/infrastructure/http/handlers/test_helpers.go:97.117,99.24 2 1
github.com/byteport/api/internal/infrastructure/http/handlers/test_helpers.go:99.24,101.3 1 1
github.com/byteport/api/internal/infrastructure/http/handlers/test_helpers.go:102.2,102.54 1 1
github.com/byteport/api/internal/infrastructure/http/handlers/test_helpers.go:105.138,108.2 2 1
github.com/byteport/api/internal/infrastructure/http/handlers/test_helpers.go:111.36,114.2 2 1
github.com/byteport/api/internal/infrastructure/http/handlers/test_helpers.go:117.77,129.2 9 1
github.com/byteport/api/internal/infrastructure/http/middleware/auth.go:15.74,17.2 1 0
github.com/byteport/api/internal/infrastructure/http/middleware/auth.go:21.86,22.24 1 1
github.com/byteport/api/internal/infrastructure/http/middleware/auth.go:22.24,24.3 1 0
github.com/byteport/api/internal/infrastructure/http/middleware/auth.go:27.2,27.30 1 1
github.com/byteport/api/internal/infrastructure/http/middleware/auth.go:27.30,30.23 2 1
github.com/byteport/api/internal/infrastructure/http/middleware/auth.go:30.23,37.4 3 0
github.com/byteport/api/internal/infrastructure/http/middleware/auth.go:40.3,41.46 2 1
github.com/byteport/api/internal/infrastructure/http/middleware/auth.go:41.46,48.4 3 0
github.com/byteport/api/internal/infrastructure/http/middleware/auth.go:50.3,54.17 3 1
github.com/byteport/api/internal/infrastructure/http/middleware/auth.go:54.17,61.4 3 1
github.com/byteport/api/internal/infrastructure/http/middleware/auth.go:64.3,69.11 5 1
github.com/byteport/api/internal/infrastructure/http/middleware/auth.go:75.45,76.30 1 1
github.com/byteport/api/internal/infrastructure/http/middleware/auth.go:76.30,79.23 2 1
github.com/byteport/api/internal/infrastructure/http/middleware/auth.go:79.23,86.4 3 1
github.com/byteport/api/internal/infrastructure/http/middleware/auth.go:89.3,90.46 2 1
github.com/byteport/api/internal/infrastructure/http/middleware/auth.go:90.46,97.4 3 1
github.com/byteport/api/internal/infrastructure/http/middleware/auth.go:99.3,103.17 3 1
github.com/byteport/api/internal/infrastructure/http/middleware/auth.go:103.17,110.4 3 0
github.com/byteport/api/internal/infrastructure/http/middleware/auth.go:113.3,115.11 2 1
github.com/byteport/api/internal/infrastructure/http/middleware/auth.go:120.91,122.76 1 1
github.com/byteport/api/internal/infrastructure/http/middleware/auth.go:122.76,124.3 1 1
github.com/byteport/api/internal/infrastructure/http/middleware/auth.go:127.2,127.73 1 1
github.com/byteport/api/internal/infrastructure/http/middleware/auth.go:131.68,133.20 2 1
github.com/byteport/api/internal/infrastructure/http/middleware/auth.go:133.20,135.3 1 1
github.com/byteport/api/internal/infrastructure/http/middleware/auth.go:137.2,139.20 3 1
github.com/byteport/api/internal/infrastructure/http/middleware/auth.go:139.20,141.3 1 1
github.com/byteport/api/internal/infrastructure/http/middleware/auth.go:143.2,148.8 1 1
github.com/byteport/api/internal/infrastructure/http/middleware/auth.go:152.56,155.2 1 1
github.com/byteport/api/internal/infrastructure/http/middleware/auth.go:158.82,159.24 1 1
github.com/byteport/api/internal/infrastructure/http/middleware/auth.go:159.24,161.3 1 0
github.com/byteport/api/internal/infrastructure/http/middleware/auth.go:164.2,164.30 1 1
github.com/byteport/api/internal/infrastructure/http/middleware/auth.go:164.30,166.23 2 1
github.com/byteport/api/internal/infrastructure/http/middleware/auth.go:166.23,168.47 2 1
github.com/byteport/api/internal/infrastructure/http/middleware/auth.go:168.47,170.91 2 1
github.com/byteport/api/internal/infrastructure/http/middleware/auth.go:170.91,175.6 4 1
github.com/byteport/api/internal/infrastructure/http/middleware/auth.go:178.3,178.11 1 1
github.com/byteport/api/internal/infrastructure/http/middleware/auth.go:183.53,184.30 1 0
github.com/byteport/api/internal/infrastructure/http/middleware/auth.go:184.30,186.23 2 0
github.com/byteport/api/internal/infrastructure/http/middleware/auth.go:186.23,188.47 2 0
github.com/byteport/api/internal/infrastructure/http/middleware/auth.go:188.47,190.64 2 0
github.com/byteport/api/internal/infrastructure/http/middleware/auth.go:190.64,192.6 1 0
github.com/byteport/api/internal/infrastructure/http/middleware/auth.go:195.3,195.11 1 0
github.com/byteport/api/internal/infrastructure/persistence/postgres/deployment_repository.go:17.65,19.2 1 1
github.com/byteport/api/internal/infrastructure/persistence/postgres/deployment_repository.go:22.94,24.16 2 1
github.com/byteport/api/internal/infrastructure/persistence/postgres/deployment_repository.go:24.16,26.3 1 1
github.com/byteport/api/internal/infrastructure/persistence/postgres/deployment_repository.go:28.2,29.25 2 1
github.com/byteport/api/internal/infrastructure/persistence/postgres/deployment_repository.go:29.25,31.3 1 1
github.com/byteport/api/internal/infrastructure/persistence/postgres/deployment_repository.go:33.2,33.12 1 1
github.com/byteport/api/internal/infrastructure/persistence/postgres/deployment_repository.go:37.94,39.16 2 1
github.com/byteport/api/internal/infrastructure/persistence/postgres/deployment_repository.go:39.16,41.3 1 1
github.com/byteport/api/internal/infrastructure/persistence/postgres/deployment_repository.go:43.2,48.25 2 1
github.com/byteport/api/internal/infrastructure/persistence/postgres/deployment_repository.go:48.25,50.3 1 1
github.com/byteport/api/internal/infrastructure/persistence/postgres/deployment_repository.go:52.2,52.30 1 1
github.com/byteport/api/internal/infrastructure/persistence/postgres/deployment_repository.go:52.30,54.3 1 1
github.com/byteport/api/internal/infrastructure/persistence/postgres/deployment_repository.go:56.2,56.12 1 1
github.com/byteport/api/internal/infrastructure/persistence/postgres/deployment_repository.go:60.79,65.25 2 1
github.com/byteport/api/internal/infrastructure/persistence/postgres/deployment_repository.go:65.25,67.3 1 1
github.com/byteport/api/internal/infrastructure/persistence/postgres/deployment_repository.go:69.2,69.30 1 1
github.com/byteport/api/internal/infrastructure/persistence/postgres/deployment_repository.go:69.30,71.3 1 1
github.com/byteport/api/internal/infrastructure/persistence/postgres/deployment_repository.go:73.2,73.12 1 1
github.com/byteport/api/internal/infrastructure/persistence/postgres/deployment_repository.go:77.109,81.25 3 1
github.com/byteport/api/internal/infrastructure/persistence/postgres/deployment_repository.go:81.25,82.45 1 1
github.com/byteport/api/internal/infrastructure/persistence/postgres/deployment_repository.go:82.45,84.4 1 1
github.com/byteport/api/internal/infrastructure/persistence/postgres/deployment_repository.go:85.3,85.72 1 1
github.com/byteport/api/internal/infrastructure/persistence/postgres/deployment_repository.go:88.2,89.16 2 1
github.com/byteport/api/internal/infrastructure/persistence/postgres/deployment_repository.go:89.16,91.3 1 1
github.com/byteport/api/internal/infrastructure/persistence/postgres/deployment_repository.go:93.2,93.17 1 1
github.com/byteport/api/internal/infrastructure/persistence/postgres/deployment_repository.go:97.113,101.25 3 1
github.com/byteport/api/internal/infrastructure/persistence/postgres/deployment_repository.go:101.25,103.3 1 1
github.com/byteport/api/internal/infrastructure/persistence/postgres/deployment_repository.go:105.2,106.31 2 1
github.com/byteport/api/internal/infrastructure/persistence/postgres/deployment_repository.go:106.31,108.17 2 1
github.com/byteport/api/internal/infrastructure/persistence/postgres/deployment_repository.go:108.17,110.4 1 1
github.com/byteport/api/internal/infrastructure/persistence/postgres/deployment_repository.go:111.3,111.41 1 1
github.com/byteport/api/internal/infrastructure/persistence/postgres/deployment_repository.go:114.2,114.25 1 1
github.com/byteport/api/internal/infrastructure/persistence/postgres/deployment_repository.go:118.121,122.25 3 1
github.com/byteport/api/internal/infrastructure/persistence/postgres/deployment_repository.go:122.25,124.3 1 1
github.com/byteport/api/internal/infrastructure/persistence/postgres/deployment_repository.go:126.2,127.31 2 1
github.com/byteport/api/internal/infrastructure/persistence/postgres/deployment_repository.go:127.31,129.17 2 1
github.com/byteport/api/internal/infrastructure/persistence/postgres/deployment_repository.go:129.17,131.4 1 1
github.com/byteport/api/internal/infrastructure/persistence/postgres/deployment_repository.go:132.3,132.41 1 1
github.com/byteport/api/internal/infrastructure/persistence/postgres/deployment_repository.go:135.2,135.25 1 1
github.com/byteport/api/internal/infrastructure/persistence/postgres/deployment_repository.go:139.126,143.25 3 1
github.com/byteport/api/internal/infrastructure/persistence/postgres/deployment_repository.go:143.25,145.3 1 1
github.com/byteport/api/internal/infrastructure/persistence/postgres/deployment_repository.go:147.2,148.31 2 1
github.com/byteport/api/internal/infrastructure/persistence/postgres/deployment_repository.go:148.31,150.17 2 1
github.com/byteport/api/internal/infrastructure/persistence/postgres/deployment_repository.go:150.17,152.4 1 1
github.com/byteport/api/internal/infrastructure/persistence/postgres/deployment_repository.go:153.3,153.41 1 1
github.com/byteport/api/internal/infrastructure/persistence/postgres/deployment_repository.go:156.2,156.25 1 1
github.com/byteport/api/internal/infrastructure/persistence/postgres/deployment_repository.go:160.111,168.25 3 1
github.com/byteport/api/internal/infrastructure/persistence/postgres/deployment_repository.go:168.25,170.3 1 1
github.com/byteport/api/internal/infrastructure/persistence/postgres/deployment_repository.go:172.2,173.31 2 1
github.com/byteport/api/internal/infrastructure/persistence/postgres/deployment_repository.go:173.31,175.17 2 1
github.com/byteport/api/internal/infrastructure/persistence/postgres/deployment_repository.go:175.17,177.4 1 1
github.com/byteport/api/internal/infrastructure/persistence/postgres/deployment_repository.go:178.3,178.41 1 1
github.com/byteport/api/internal/infrastructure/persistence/postgres/deployment_repository.go:181.2,181.25 1 1
github.com/byteport/api/internal/infrastructure/persistence/postgres/deployment_repository.go:185.74,189.25 3 1
github.com/byteport/api/internal/infrastructure/persistence/postgres/deployment_repository.go:189.25,191.3 1 1
github.com/byteport/api/internal/infrastructure/persistence/postgres/deployment_repository.go:193.2,193.19 1 1
github.com/byteport/api/internal/infrastructure/persistence/postgres/deployment_repository.go:197.95,204.25 3 1
github.com/byteport/api/internal/infrastructure/persistence/postgres/deployment_repository.go:204.25,206.3 1 1
github.com/byteport/api/internal/infrastructure/persistence/postgres/deployment_repository.go:208.2,208.19 1 1
github.com/byteport/api/internal/infrastructure/persistence/postgres/mapper.go:13.74,27.54 2 1
github.com/byteport/api/internal/infrastructure/persistence/postgres/mapper.go:27.54,29.17 2 1
github.com/byteport/api/internal/infrastructure/persistence/postgres/mapper.go:29.17,31.4 1 1
github.com/byteport/api/internal/infrastructure/persistence/postgres/mapper.go:32.3,32.42 1 1
github.com/byteport/api/internal/infrastructure/persistence/postgres/mapper.go:33.8,35.3 1 1
github.com/byteport/api/internal/infrastructure/persistence/postgres/mapper.go:38.2,38.51 1 1
github.com/byteport/api/internal/infrastructure/persistence/postgres/mapper.go:38.51,40.17 2 1
github.com/byteport/api/internal/infrastructure/persistence/postgres/mapper.go:40.17,42.4 1 1
github.com/byteport/api/internal/infrastructure/persistence/postgres/mapper.go:43.3,43.40 1 1
github.com/byteport/api/internal/infrastructure/persistence/postgres/mapper.go:44.8,46.3 1 1
github.com/byteport/api/internal/infrastructure/persistence/postgres/mapper.go:49.2,49.48 1 1
github.com/byteport/api/internal/infrastructure/persistence/postgres/mapper.go:49.48,51.17 2 1
github.com/byteport/api/internal/infrastructure/persistence/postgres/mapper.go:51.17,53.4 1 1
github.com/byteport/api/internal/infrastructure/persistence/postgres/mapper.go:54.3,54.38 1 1
github.com/byteport/api/internal/infrastructure/persistence/postgres/mapper.go:55.8,57.3 1 1
github.com/byteport/api/internal/infrastructure/persistence/postgres/mapper.go:60.2,60.58 1 1
github.com/byteport/api/internal/infrastructure/persistence/postgres/mapper.go:60.58,62.17 2 1
github.com/byteport/api/internal/infrastructure/persistence/postgres/mapper.go:62.17,64.4 1 1
github.com/byteport/api/internal/infrastructure/persistence/postgres/mapper.go:65.3,65.46 1 1
github.com/byteport/api/internal/infrastructure/persistence/postgres/mapper.go:66.8,68.3 1 1
github.com/byteport/api/internal/infrastructure/persistence/postgres/mapper.go:71.2,71.49 1 1
github.com/byteport/api/internal/infrastructure/persistence/postgres/mapper.go:71.49,73.17 2 1
github.com/byteport/api/internal/infrastructure/persistence/postgres/mapper.go:73.17,75.4 1 1
github.com/byteport/api/internal/infrastructure/persistence/postgres/mapper.go:76.3,76.40 1 1
github.com/byteport/api/internal/infrastructure/persistence/postgres/mapper.go:77.8,79.3 1 1
github.com/byteport/api/internal/infrastructure/persistence/postgres/mapper.go:81.2,81.19 1 1
github.com/byteport/api/internal/infrastructure/persistence/postgres/mapper.go:85.76,101.56 3 1
github.com/byteport/api/internal/infrastructure/persistence/postgres/mapper.go:101.56,103.77 2 1
github.com/byteport/api/internal/infrastructure/persistence/postgres/mapper.go:103.77,105.4 1 1
github.com/byteport/api/internal/infrastructure/persistence/postgres/mapper.go:106.3,106.43 1 1
github.com/byteport/api/internal/infrastructure/persistence/postgres/mapper.go:106.43,108.4 1 1
github.com/byteport/api/internal/infrastructure/persistence/postgres/mapper.go:112.2,112.54 1 1
github.com/byteport/api/internal/infrastructure/persistence/postgres/mapper.go:112.54,114.75 2 1
github.com/byteport/api/internal/infrastructure/persistence/postgres/mapper.go:114.75,116.4 1 1
github.com/byteport/api/internal/infrastructure/persistence/postgres/mapper.go:117.3,117.32 1 1
github.com/byteport/api/internal/infrastructure/persistence/postgres/mapper.go:117.32,118.46 1 1
github.com/byteport/api/internal/infrastructure/persistence/postgres/mapper.go:118.46,120.5 1 1
github.com/byteport/api/internal/infrastructure/persistence/postgres/mapper.go:125.2,125.52 1 1
github.com/byteport/api/internal/infrastructure/persistence/postgres/mapper.go:125.52,127.73 2 1
github.com/byteport/api/internal/infrastructure/persistence/postgres/mapper.go:127.73,129.4 1 1
github.com/byteport/api/internal/infrastructure/persistence/postgres/mapper.go:130.3,130.35 1 1
github.com/byteport/api/internal/infrastructure/persistence/postgres/mapper.go:130.35,132.4 1 1
github.com/byteport/api/internal/infrastructure/persistence/postgres/mapper.go:136.2,136.60 1 1
github.com/byteport/api/internal/infrastructure/persistence/postgres/mapper.go:136.60,138.81 2 1
github.com/byteport/api/internal/infrastructure/persistence/postgres/mapper.go:138.81,140.4 1 1
github.com/byteport/api/internal/infrastructure/persistence/postgres/mapper.go:141.3,141.35 1 1
github.com/byteport/api/internal/infrastructure/persistence/postgres/mapper.go:145.2,145.54 1 1
github.com/byteport/api/internal/infrastructure/persistence/postgres/mapper.go:145.54,147.75 2 1
github.com/byteport/api/internal/infrastructure/persistence/postgres/mapper.go:147.75,149.4 1 1
github.com/byteport/api/internal/infrastructure/persistence/postgres/mapper.go:150.3,150.29 1 1
github.com/byteport/api/internal/infrastructure/persistence/postgres/mapper.go:153.2,153.17 1 1
github.com/byteport/api/internal/infrastructure/persistence/postgres/models.go:30.43,32.2 1 1
github.com/byteport/api/internal/infrastructure/secrets/manager.go:40.34,41.26 1 1
github.com/byteport/api/internal/infrastructure/secrets/manager.go:41.26,43.3 1 1
github.com/byteport/api/internal/infrastructure/secrets/manager.go:45.2,50.3 1 1
github.com/byteport/api/internal/infrastructure/secrets/manager.go:54.68,55.45 1 1
github.com/byteport/api/internal/infrastructure/secrets/manager.go:55.45,57.3 1 1
github.com/byteport/api/internal/infrastructure/secrets/manager.go:58.2,58.30 1 1
github.com/byteport/api/internal/infrastructure/secrets/manager.go:62.78,65.83 2 1
github.com/byteport/api/internal/infrastructure/secrets/manager.go:65.83,68.3 2 1
github.com/byteport/api/internal/infrastructure/secrets/manager.go:69.2,72.31 2 1
github.com/byteport/api/internal/infrastructure/secrets/manager.go:72.31,75.17 3 1
github.com/byteport/api/internal/infrastructure/secrets/manager.go:75.17,84.4 4 1
github.com/byteport/api/internal/infrastructure/secrets/manager.go:87.2,87.69 1 1
github.com/byteport/api/internal/infrastructure/secrets/manager.go:91.82,93.31 1 1
github.com/byteport/api/internal/infrastructure/secrets/manager.go:93.31,96.17 3 1
github.com/byteport/api/internal/infrastructure/secrets/manager.go:96.17,102.4 4 1
github.com/byteport/api/internal/infrastructure/secrets/manager.go:104.2,104.71 1 1
github.com/byteport/api/internal/infrastructure/secrets/manager.go:108.47,112.2 3 1
github.com/byteport/api/internal/infrastructure/secrets/manager.go:115.32,119.2 3 1
github.com/byteport/api/internal/infrastructure/secrets/manager.go:128.93,130.16 2 1
github.com/byteport/api/internal/infrastructure/secrets/manager.go:130.16,132.3 1 0
github.com/byteport/api/internal/infrastructure/secrets/manager.go:134.2,137.8 1 1
github.com/byteport/api/internal/infrastructure/secrets/manager.go:140.89,146.16 3 1
github.com/byteport/api/internal/infrastructure/secrets/manager.go:146.16,148.3 1 1
github.com/byteport/api/internal/infrastructure/secrets/manager.go:150.2,150.32 1 0
github.com/byteport/api/internal/infrastructure/secrets/manager.go:150.32,152.3 1 0
github.com/byteport/api/internal/infrastructure/secrets/manager.go:154.2,154.63 1 0
github.com/byteport/api/internal/infrastructure/secrets/manager.go:157.93,165.16 3 1
github.com/byteport/api/internal/infrastructure/secrets/manager.go:165.16,173.23 3 1
github.com/byteport/api/internal/infrastructure/secrets/manager.go:173.23,175.4 1 1
github.com/byteport/api/internal/infrastructure/secrets/manager.go:178.2,178.12 1 0
github.com/byteport/api/internal/infrastructure/secrets/manager.go:181.82,187.16 3 1
github.com/byteport/api/internal/infrastructure/secrets/manager.go:187.16,189.3 1 1
github.com/byteport/api/internal/infrastructure/secrets/manager.go:191.2,191.12 1 0
github.com/byteport/api/internal/infrastructure/secrets/manager.go:194.81,199.31 4 1
github.com/byteport/api/internal/infrastructure/secrets/manager.go:199.31,201.17 2 1
github.com/byteport/api/internal/infrastructure/secrets/manager.go:201.17,203.4 1 1
github.com/byteport/api/internal/infrastructure/secrets/manager.go:205.3,205.42 1 0
github.com/byteport/api/internal/infrastructure/secrets/manager.go:205.42,206.26 1 0
github.com/byteport/api/internal/infrastructure/secrets/manager.go:206.26,208.5 1 0
github.com/byteport/api/internal/infrastructure/secrets/manager.go:212.2,212.21 1 0
github.com/byteport/api/internal/infrastructure/secrets/manager.go:222.76,226.16 2 1
github.com/byteport/api/internal/infrastructure/secrets/manager.go:226.16,228.3 1 0
github.com/byteport/api/internal/infrastructure/secrets/manager.go:230.2,235.8 2 1
github.com/byteport/api/internal/infrastructure/secrets/manager.go:238.84,240.16 2 1
github.com/byteport/api/internal/infrastructure/secrets/manager.go:240.16,242.3 1 1
github.com/byteport/api/internal/infrastructure/secrets/manager.go:244.2,244.52 1 0
github.com/byteport/api/internal/infrastructure/secrets/manager.go:244.52,246.3 1 0
github.com/byteport/api/internal/infrastructure/secrets/manager.go:248.2,248.63 1 0
github.com/byteport/api/internal/infrastructure/secrets/manager.go:251.88,257.16 3 1
github.com/byteport/api/internal/infrastructure/secrets/manager.go:257.16,259.3 1 1
github.com/byteport/api/internal/infrastructure/secrets/manager.go:261.2,261.12 1 0
github.com/byteport/api/internal/infrastructure/secrets/manager.go:264.77,266.16 2 1
github.com/byteport/api/internal/infrastructure/secrets/manager.go:266.16,268.3 1 1
github.com/byteport/api/internal/infrastructure/secrets/manager.go:270.2,270.12 1 0
github.com/byteport/api/internal/infrastructure/secrets/manager.go:273.76,276.16 2 1
github.com/byteport/api/internal/infrastructure/secrets/manager.go:276.16,278.3 1 1
github.com/byteport/api/internal/infrastructure/secrets/manager.go:281.2,282.41 2 0
github.com/byteport/api/internal/infrastructure/secrets/manager.go:282.41,283.45 1 0
github.com/byteport/api/internal/infrastructure/secrets/manager.go:283.45,284.47 1 0
github.com/byteport/api/internal/infrastructure/secrets/manager.go:284.47,285.30 1 0
github.com/byteport/api/internal/infrastructure/secrets/manager.go:285.30,286.40 1 0
github.com/byteport/api/internal/infrastructure/secrets/manager.go:286.40,288.7 1 0
github.com/byteport/api/internal/infrastructure/secrets/manager.go:294.2,294.21 1 0
github.com/byteport/api/internal/infrastructure/secrets/manager.go:300.52,302.2 1 1
github.com/byteport/api/internal/infrastructure/secrets/manager.go:304.90,306.17 2 1
github.com/byteport/api/internal/infrastructure/secrets/manager.go:306.17,308.3 1 1
github.com/byteport/api/internal/infrastructure/secrets/manager.go:309.2,309.19 1 1
github.com/byteport/api/internal/infrastructure/secrets/manager.go:312.94,314.2 1 1
github.com/byteport/api/internal/infrastructure/secrets/manager.go:316.83,318.2 1 1
github.com/byteport/api/internal/infrastructure/secrets/manager.go:320.82,323.27 3 1
github.com/byteport/api/internal/infrastructure/secrets/manager.go:323.27,325.29 1 1
github.com/byteport/api/internal/infrastructure/secrets/manager.go:325.29,326.19 1 1
github.com/byteport/api/internal/infrastructure/secrets/manager.go:326.19,328.10 2 1
github.com/byteport/api/internal/infrastructure/secrets/manager.go:332.2,332.21 1 1
github.com/byteport/api/internal/infrastructure/secrets/manager.go:350.107,352.16 2 1
github.com/byteport/api/internal/infrastructure/secrets/manager.go:352.16,354.3 1 1
github.com/byteport/api/internal/infrastructure/secrets/manager.go:356.2,357.16 2 1
github.com/byteport/api/internal/infrastructure/secrets/manager.go:357.16,359.3 1 1
github.com/byteport/api/internal/infrastructure/secrets/manager.go:361.2,362.16 2 1
github.com/byteport/api/internal/infrastructure/secrets/manager.go:362.16,364.3 1 1
github.com/byteport/api/internal/infrastructure/secrets/manager.go:366.2,366.44 1 1
github.com/byteport/api/internal/infrastructure/secrets/manager.go:369.102,371.16 2 1
github.com/byteport/api/internal/infrastructure/secrets/manager.go:371.16,373.3 1 1
github.com/byteport/api/internal/infrastructure/secrets/manager.go:375.2,376.16 2 1
github.com/byteport/api/internal/infrastructure/secrets/manager.go:376.16,378.3 1 1
github.com/byteport/api/internal/infrastructure/secrets/manager.go:380.2,381.16 2 1
github.com/byteport/api/internal/infrastructure/secrets/manager.go:381.16,384.3 1 1
github.com/byteport/api/internal/infrastructure/secrets/manager.go:386.2,386.42 1 1
github.com/byteport/api/internal/infrastructure/secrets/manager.go:389.83,391.2 1 1
github.com/byteport/api/internal/infrastructure/secrets/manager.go:393.96,395.16 2 1
github.com/byteport/api/internal/infrastructure/secrets/manager.go:395.16,397.3 1 1
github.com/byteport/api/internal/infrastructure/secrets/manager.go:399.2,400.16 2 1
github.com/byteport/api/internal/infrastructure/secrets/manager.go:400.16,402.3 1 1
github.com/byteport/api/internal/infrastructure/secrets/manager.go:404.2,404.30 1 1
github.com/byteport/api/internal/infrastructure/secrets/manager.go:427.82,428.19 1 1
github.com/byteport/api/internal/infrastructure/secrets/manager.go:428.19,430.3 1 0
github.com/byteport/api/internal/infrastructure/secrets/manager.go:431.2,437.3 1 1
github.com/byteport/api/internal/infrastructure/secrets/manager.go:442.125,443.15 1 1
github.com/byteport/api/internal/infrastructure/secrets/manager.go:443.15,445.3 1 0
github.com/byteport/api/internal/infrastructure/secrets/manager.go:446.2,446.20 1 1
github.com/byteport/api/internal/infrastructure/secrets/manager.go:446.20,448.3 1 0
github.com/byteport/api/internal/infrastructure/secrets/manager.go:449.2,449.19 1 1
github.com/byteport/api/internal/infrastructure/secrets/manager.go:449.19,451.3 1 0
github.com/byteport/api/internal/infrastructure/secrets/manager.go:453.2,460.12 4 1
github.com/byteport/api/internal/infrastructure/secrets/manager.go:464.50,468.2 3 0
github.com/byteport/api/internal/infrastructure/secrets/manager.go:471.80,475.2 3 1
github.com/byteport/api/internal/infrastructure/secrets/manager.go:478.54,482.6 3 1
github.com/byteport/api/internal/infrastructure/secrets/manager.go:482.6,483.10 1 1
github.com/byteport/api/internal/infrastructure/secrets/manager.go:484.21,485.10 1 1
github.com/byteport/api/internal/infrastructure/secrets/manager.go:486.20,487.10 1 1
github.com/byteport/api/internal/infrastructure/secrets/manager.go:488.19,489.25 1 1
github.com/byteport/api/internal/infrastructure/secrets/manager.go:495.34,496.9 1 1
github.com/byteport/api/internal/infrastructure/secrets/manager.go:497.19,497.19 0 0
github.com/byteport/api/internal/infrastructure/secrets/manager.go:499.10,500.19 1 1
github.com/byteport/api/internal/infrastructure/secrets/manager.go:505.56,507.2 1 0
github.com/byteport/api/internal/infrastructure/secrets/manager.go:509.62,515.32 4 1
github.com/byteport/api/internal/infrastructure/secrets/manager.go:515.32,522.3 1 1
github.com/byteport/api/internal/infrastructure/secrets/manager.go:523.2,526.29 3 1
github.com/byteport/api/internal/infrastructure/secrets/manager.go:526.29,527.47 1 1
github.com/byteport/api/internal/infrastructure/secrets/manager.go:527.47,528.12 1 1
github.com/byteport/api/internal/infrastructure/secrets/manager.go:530.3,530.55 1 1
github.com/byteport/api/internal/infrastructure/secrets/manager.go:530.55,531.22 1 1
github.com/byteport/api/internal/infrastructure/secrets/manager.go:531.22,533.5 1 1
github.com/byteport/api/internal/infrastructure/secrets/manager.go:534.4,534.12 1 1
github.com/byteport/api/internal/infrastructure/secrets/manager.go:537.3,538.45 2 1
github.com/byteport/api/internal/infrastructure/secrets/manager.go:538.45,540.4 1 1
github.com/byteport/api/internal/infrastructure/secrets/manager.go:541.3,541.17 1 1
github.com/byteport/api/internal/infrastructure/secrets/manager.go:561.62,563.2 1 1
github.com/byteport/api/internal/infrastructure/secrets/manager.go:566.100,568.16 2 1
github.com/byteport/api/internal/infrastructure/secrets/manager.go:568.16,570.3 1 1
github.com/byteport/api/internal/infrastructure/secrets/manager.go:572.2,572.48 1 1
github.com/byteport/api/internal/infrastructure/secrets/manager.go:576.101,578.16 2 1
github.com/byteport/api/internal/infrastructure/secrets/manager.go:578.16,580.3 1 1
github.com/byteport/api/internal/infrastructure/secrets/manager.go:582.2,582.60 1 1
github.com/byteport/api/internal/infrastructure/secrets/provider_azure.go:36.123,37.20 1 1
github.com/byteport/api/internal/infrastructure/secrets/provider_azure.go:37.20,39.3 1 0
github.com/byteport/api/internal/infrastructure/secrets/provider_azure.go:40.2,40.19 1 1
github.com/byteport/api/internal/infrastructure/secrets/provider_azure.go:40.19,42.3 1 0
github.com/byteport/api/internal/infrastructure/secrets/provider_azure.go:43.2,43.21 1 1
github.com/byteport/api/internal/infrastructure/secrets/provider_azure.go:43.21,45.3 1 0
github.com/byteport/api/internal/infrastructure/secrets/provider_azure.go:47.2,51.8 1 1
github.com/byteport/api/internal/infrastructure/secrets/provider_azure.go:61.72,67.20 5 1
github.com/byteport/api/internal/infrastructure/secrets/provider_azure.go:67.20,69.3 1 0
github.com/byteport/api/internal/infrastructure/secrets/provider_azure.go:70.2,70.60 1 1
github.com/byteport/api/internal/infrastructure/secrets/provider_azure.go:70.60,72.3 1 0
github.com/byteport/api/internal/infrastructure/secrets/provider_azure.go:74.2,75.20 2 1
github.com/byteport/api/internal/infrastructure/secrets/provider_azure.go:75.20,77.3 1 0
github.com/byteport/api/internal/infrastructure/secrets/provider_azure.go:79.2,88.78 2 1
github.com/byteport/api/internal/infrastructure/secrets/provider_azure.go:91.92,94.16 3 1
github.com/byteport/api/internal/infrastructure/secrets/provider_azure.go:94.16,96.3 1 1
github.com/byteport/api/internal/infrastructure/secrets/provider_azure.go:98.2,101.52 2 1
github.com/byteport/api/internal/infrastructure/secrets/provider_azure.go:101.52,103.3 1 0
github.com/byteport/api/internal/infrastructure/secrets/provider_azure.go:104.2,104.23 1 1
github.com/byteport/api/internal/infrastructure/secrets/provider_azure.go:104.23,106.3 1 0
github.com/byteport/api/internal/infrastructure/secrets/provider_azure.go:107.2,107.25 1 1
github.com/byteport/api/internal/infrastructure/secrets/provider_azure.go:110.96,114.16 4 1
github.com/byteport/api/internal/infrastructure/secrets/provider_azure.go:114.16,116.3 1 0
github.com/byteport/api/internal/infrastructure/secrets/provider_azure.go:118.2,119.16 2 1
github.com/byteport/api/internal/infrastructure/secrets/provider_azure.go:119.16,121.3 1 0
github.com/byteport/api/internal/infrastructure/secrets/provider_azure.go:122.2,122.12 1 1
github.com/byteport/api/internal/infrastructure/secrets/provider_azure.go:125.85,128.16 3 1
github.com/byteport/api/internal/infrastructure/secrets/provider_azure.go:128.16,130.3 1 0
github.com/byteport/api/internal/infrastructure/secrets/provider_azure.go:131.2,131.12 1 1
github.com/byteport/api/internal/infrastructure/secrets/provider_azure.go:134.84,138.21 3 1
github.com/byteport/api/internal/infrastructure/secrets/provider_azure.go:138.21,140.17 2 1
github.com/byteport/api/internal/infrastructure/secrets/provider_azure.go:140.17,142.4 1 0
github.com/byteport/api/internal/infrastructure/secrets/provider_azure.go:144.3,150.53 2 1
github.com/byteport/api/internal/infrastructure/secrets/provider_azure.go:150.53,152.4 1 0
github.com/byteport/api/internal/infrastructure/secrets/provider_azure.go:154.3,154.32 1 1
github.com/byteport/api/internal/infrastructure/secrets/provider_azure.go:154.32,155.18 1 1
github.com/byteport/api/internal/infrastructure/secrets/provider_azure.go:155.18,156.13 1 0
github.com/byteport/api/internal/infrastructure/secrets/provider_azure.go:158.4,159.23 2 1
github.com/byteport/api/internal/infrastructure/secrets/provider_azure.go:159.23,161.57 2 1
github.com/byteport/api/internal/infrastructure/secrets/provider_azure.go:161.57,163.6 1 0
github.com/byteport/api/internal/infrastructure/secrets/provider_azure.go:164.5,164.42 1 1
github.com/byteport/api/internal/infrastructure/secrets/provider_azure.go:168.3,168.26 1 1
github.com/byteport/api/internal/infrastructure/secrets/provider_azure.go:168.26,169.9 1 1
github.com/byteport/api/internal/infrastructure/secrets/provider_azure.go:171.3,171.27 1 0
github.com/byteport/api/internal/infrastructure/secrets/provider_azure.go:174.2,174.21 1 1
github.com/byteport/api/internal/infrastructure/secrets/provider_azure.go:177.126,179.16 2 1
github.com/byteport/api/internal/infrastructure/secrets/provider_azure.go:179.16,181.3 1 0
github.com/byteport/api/internal/infrastructure/secrets/provider_azure.go:182.2,182.17 1 1
github.com/byteport/api/internal/infrastructure/secrets/provider_azure.go:182.17,184.3 1 1
github.com/byteport/api/internal/infrastructure/secrets/provider_azure.go:186.2,187.16 2 1
github.com/byteport/api/internal/infrastructure/secrets/provider_azure.go:187.16,189.3 1 0
github.com/byteport/api/internal/infrastructure/secrets/provider_azure.go:190.2,193.16 3 1
github.com/byteport/api/internal/infrastructure/secrets/provider_azure.go:193.16,195.3 1 0
github.com/byteport/api/internal/infrastructure/secrets/provider_azure.go:197.2,197.53 1 1
github.com/byteport/api/internal/infrastructure/secrets/provider_azure.go:197.53,199.21 2 1
github.com/byteport/api/internal/infrastructure/secrets/provider_azure.go:199.21,201.4 1 0
github.com/byteport/api/internal/infrastructure/secrets/provider_azure.go:202.3,202.103 1 1
github.com/byteport/api/internal/infrastructure/secrets/provider_azure.go:205.2,205.31 1 1
github.com/byteport/api/internal/infrastructure/secrets/provider_azure.go:208.84,212.69 3 1
github.com/byteport/api/internal/infrastructure/secrets/provider_azure.go:212.69,214.3 1 1
github.com/byteport/api/internal/infrastructure/secrets/provider_azure.go:216.2,217.16 2 1
github.com/byteport/api/internal/infrastructure/secrets/provider_azure.go:217.16,219.3 1 0
github.com/byteport/api/internal/infrastructure/secrets/provider_azure.go:220.2,221.19 2 1
github.com/byteport/api/internal/infrastructure/secrets/provider_azure.go:234.104,239.37 5 1
github.com/byteport/api/internal/infrastructure/secrets/provider_azure.go:239.37,241.3 1 0
github.com/byteport/api/internal/infrastructure/secrets/provider_azure.go:242.2,245.16 3 1
github.com/byteport/api/internal/infrastructure/secrets/provider_azure.go:245.16,247.3 1 0
github.com/byteport/api/internal/infrastructure/secrets/provider_azure.go:248.2,251.19 3 1
github.com/byteport/api/internal/infrastructure/secrets/provider_azure.go:251.19,253.3 1 0
github.com/byteport/api/internal/infrastructure/secrets/provider_azure.go:255.2,256.16 2 1
github.com/byteport/api/internal/infrastructure/secrets/provider_azure.go:256.16,258.3 1 0
github.com/byteport/api/internal/infrastructure/secrets/provider_azure.go:260.2,261.16 2 1
github.com/byteport/api/internal/infrastructure/secrets/provider_azure.go:261.16,263.3 1 0
github.com/byteport/api/internal/infrastructure/secrets/provider_azure.go:265.2,265.53 1 1
github.com/byteport/api/internal/infrastructure/secrets/provider_azure.go:265.53,267.3 1 0
github.com/byteport/api/internal/infrastructure/secrets/provider_azure.go:269.2,273.57 2 1
github.com/byteport/api/internal/infrastructure/secrets/provider_azure.go:273.57,275.3 1 0
github.com/byteport/api/internal/infrastructure/secrets/provider_azure.go:276.2,276.33 1 1
github.com/byteport/api/internal/infrastructure/secrets/provider_azure.go:276.33,278.3 1 0
github.com/byteport/api/internal/infrastructure/secrets/provider_azure.go:280.2,284.8 2 1
github.com/byteport/api/internal/infrastructure/secrets/provider_gcp.go:44.136,45.21 1 1
github.com/byteport/api/internal/infrastructure/secrets/provider_gcp.go:45.21,47.3 1 0
github.com/byteport/api/internal/infrastructure/secrets/provider_gcp.go:48.2,48.19 1 1
github.com/byteport/api/internal/infrastructure/secrets/provider_gcp.go:48.19,50.3 1 0
github.com/byteport/api/internal/infrastructure/secrets/provider_gcp.go:51.2,51.21 1 1
github.com/byteport/api/internal/infrastructure/secrets/provider_gcp.go:51.21,53.3 1 0
github.com/byteport/api/internal/infrastructure/secrets/provider_gcp.go:55.2,60.8 1 1
github.com/byteport/api/internal/infrastructure/secrets/provider_gcp.go:65.84,67.21 2 0
github.com/byteport/api/internal/infrastructure/secrets/provider_gcp.go:67.21,69.3 1 0
github.com/byteport/api/internal/infrastructure/secrets/provider_gcp.go:71.2,72.30 2 0
github.com/byteport/api/internal/infrastructure/secrets/provider_gcp.go:72.30,74.3 1 0
github.com/byteport/api/internal/infrastructure/secrets/provider_gcp.go:76.2,77.17 2 0
github.com/byteport/api/internal/infrastructure/secrets/provider_gcp.go:77.17,79.3 1 0
github.com/byteport/api/internal/infrastructure/secrets/provider_gcp.go:81.2,82.16 2 0
github.com/byteport/api/internal/infrastructure/secrets/provider_gcp.go:82.16,84.3 1 0
github.com/byteport/api/internal/infrastructure/secrets/provider_gcp.go:86.2,86.86 1 0
github.com/byteport/api/internal/infrastructure/secrets/provider_gcp.go:89.98,92.16 3 1
github.com/byteport/api/internal/infrastructure/secrets/provider_gcp.go:92.16,94.3 1 1
github.com/byteport/api/internal/infrastructure/secrets/provider_gcp.go:96.2,101.52 2 1
github.com/byteport/api/internal/infrastructure/secrets/provider_gcp.go:101.52,103.3 1 0
github.com/byteport/api/internal/infrastructure/secrets/provider_gcp.go:104.2,104.29 1 1
github.com/byteport/api/internal/infrastructure/secrets/provider_gcp.go:104.29,106.3 1 0
github.com/byteport/api/internal/infrastructure/secrets/provider_gcp.go:108.2,109.16 2 1
github.com/byteport/api/internal/infrastructure/secrets/provider_gcp.go:109.16,111.3 1 0
github.com/byteport/api/internal/infrastructure/secrets/provider_gcp.go:112.2,112.29 1 1
github.com/byteport/api/internal/infrastructure/secrets/provider_gcp.go:115.102,116.55 1 1
github.com/byteport/api/internal/infrastructure/secrets/provider_gcp.go:116.55,118.3 1 0
github.com/byteport/api/internal/infrastructure/secrets/provider_gcp.go:120.2,127.16 4 1
github.com/byteport/api/internal/infrastructure/secrets/provider_gcp.go:127.16,129.3 1 0
github.com/byteport/api/internal/infrastructure/secrets/provider_gcp.go:131.2,132.16 2 1
github.com/byteport/api/internal/infrastructure/secrets/provider_gcp.go:132.16,134.3 1 0
github.com/byteport/api/internal/infrastructure/secrets/provider_gcp.go:135.2,135.12 1 1
github.com/byteport/api/internal/infrastructure/secrets/provider_gcp.go:138.91,141.16 3 1
github.com/byteport/api/internal/infrastructure/secrets/provider_gcp.go:141.16,143.3 1 0
github.com/byteport/api/internal/infrastructure/secrets/provider_gcp.go:144.2,144.12 1 1
github.com/byteport/api/internal/infrastructure/secrets/provider_gcp.go:147.90,151.21 3 1
github.com/byteport/api/internal/infrastructure/secrets/provider_gcp.go:151.21,153.17 2 1
github.com/byteport/api/internal/infrastructure/secrets/provider_gcp.go:153.17,155.4 1 0
github.com/byteport/api/internal/infrastructure/secrets/provider_gcp.go:157.3,164.53 2 1
github.com/byteport/api/internal/infrastructure/secrets/provider_gcp.go:164.53,166.4 1 0
github.com/byteport/api/internal/infrastructure/secrets/provider_gcp.go:168.3,168.34 1 1
github.com/byteport/api/internal/infrastructure/secrets/provider_gcp.go:168.34,170.23 2 1
github.com/byteport/api/internal/infrastructure/secrets/provider_gcp.go:170.23,172.5 1 1
github.com/byteport/api/internal/infrastructure/secrets/provider_gcp.go:175.3,175.27 1 1
github.com/byteport/api/internal/infrastructure/secrets/provider_gcp.go:175.27,176.9 1 1
github.com/byteport/api/internal/infrastructure/secrets/provider_gcp.go:178.3,178.121 1 0
github.com/byteport/api/internal/infrastructure/secrets/provider_gcp.go:181.2,181.21 1 1
github.com/byteport/api/internal/infrastructure/secrets/provider_gcp.go:184.97,187.16 3 1
github.com/byteport/api/internal/infrastructure/secrets/provider_gcp.go:187.16,189.3 1 0
github.com/byteport/api/internal/infrastructure/secrets/provider_gcp.go:190.2,190.27 1 1
github.com/byteport/api/internal/infrastructure/secrets/provider_gcp.go:190.27,192.3 1 0
github.com/byteport/api/internal/infrastructure/secrets/provider_gcp.go:194.2,201.16 4 1
github.com/byteport/api/internal/infrastructure/secrets/provider_gcp.go:201.16,203.3 1 0
github.com/byteport/api/internal/infrastructure/secrets/provider_gcp.go:205.2,206.16 2 1
github.com/byteport/api/internal/infrastructure/secrets/provider_gcp.go:206.16,208.3 1 0
github.com/byteport/api/internal/infrastructure/secrets/provider_gcp.go:209.2,209.12 1 1
github.com/byteport/api/internal/infrastructure/secrets/provider_gcp.go:212.133,214.16 2 1
github.com/byteport/api/internal/infrastructure/secrets/provider_gcp.go:214.16,216.3 1 0
github.com/byteport/api/internal/infrastructure/secrets/provider_gcp.go:217.2,217.17 1 1
github.com/byteport/api/internal/infrastructure/secrets/provider_gcp.go:217.17,219.3 1 1
github.com/byteport/api/internal/infrastructure/secrets/provider_gcp.go:221.2,222.16 2 1
github.com/byteport/api/internal/infrastructure/secrets/provider_gcp.go:222.16,224.3 1 0
github.com/byteport/api/internal/infrastructure/secrets/provider_gcp.go:225.2,228.16 3 1
github.com/byteport/api/internal/infrastructure/secrets/provider_gcp.go:228.16,230.3 1 0
github.com/byteport/api/internal/infrastructure/secrets/provider_gcp.go:232.2,233.16 2 1
github.com/byteport/api/internal/infrastructure/secrets/provider_gcp.go:233.16,235.3 1 0
github.com/byteport/api/internal/infrastructure/secrets/provider_gcp.go:236.2,236.44 1 1
github.com/byteport/api/internal/infrastructure/secrets/provider_gcp.go:236.44,238.3 1 1
github.com/byteport/api/internal/infrastructure/secrets/provider_gcp.go:239.2,239.53 1 1
github.com/byteport/api/internal/infrastructure/secrets/provider_gcp.go:239.53,241.3 1 0
github.com/byteport/api/internal/infrastructure/secrets/provider_gcp.go:243.2,243.26 1 1
github.com/byteport/api/internal/infrastructure/secrets/provider_gcp.go:246.90,250.69 3 1
github.com/byteport/api/internal/infrastructure/secrets/provider_gcp.go:250.69,252.3 1 1
github.com/byteport/api/internal/infrastructure/secrets/provider_gcp.go:254.2,255.16 2 1
github.com/byteport/api/internal/infrastructure/secrets/provider_gcp.go:255.16,257.3 1 0
github.com/byteport/api/internal/infrastructure/secrets/provider_gcp.go:258.2,259.19 2 1
github.com/byteport/api/internal/infrastructure/secrets/provider_gcp.go:271.118,278.62 2 1
github.com/byteport/api/internal/infrastructure/secrets/provider_gcp.go:278.62,280.3 1 0
github.com/byteport/api/internal/infrastructure/secrets/provider_gcp.go:281.2,281.70 1 1
github.com/byteport/api/internal/infrastructure/secrets/provider_gcp.go:281.70,283.3 1 0
github.com/byteport/api/internal/infrastructure/secrets/provider_gcp.go:285.2,286.18 2 1
github.com/byteport/api/internal/infrastructure/secrets/provider_gcp.go:286.18,288.3 1 0
github.com/byteport/api/internal/infrastructure/secrets/provider_gcp.go:290.2,291.16 2 1
github.com/byteport/api/internal/infrastructure/secrets/provider_gcp.go:291.16,293.3 1 0
github.com/byteport/api/internal/infrastructure/secrets/provider_gcp.go:295.2,295.17 1 1
github.com/byteport/api/internal/infrastructure/secrets/provider_gcp.go:295.17,297.3 1 0
github.com/byteport/api/internal/infrastructure/secrets/provider_gcp.go:299.2,305.8 1 1
github.com/byteport/api/internal/infrastructure/secrets/provider_gcp.go:308.107,309.17 1 1
github.com/byteport/api/internal/infrastructure/secrets/provider_gcp.go:309.17,311.3 1 0
github.com/byteport/api/internal/infrastructure/secrets/provider_gcp.go:313.2,323.16 4 1
github.com/byteport/api/internal/infrastructure/secrets/provider_gcp.go:323.16,325.3 1 0
github.com/byteport/api/internal/infrastructure/secrets/provider_gcp.go:327.2,333.16 6 1
github.com/byteport/api/internal/infrastructure/secrets/provider_gcp.go:333.16,335.3 1 0
github.com/byteport/api/internal/infrastructure/secrets/provider_gcp.go:337.2,344.16 6 1
github.com/byteport/api/internal/infrastructure/secrets/provider_gcp.go:344.16,346.3 1 0
github.com/byteport/api/internal/infrastructure/secrets/provider_gcp.go:347.2,350.19 3 1
github.com/byteport/api/internal/infrastructure/secrets/provider_gcp.go:350.19,352.3 1 0
github.com/byteport/api/internal/infrastructure/secrets/provider_gcp.go:354.2,355.16 2 1
github.com/byteport/api/internal/infrastructure/secrets/provider_gcp.go:355.16,357.3 1 0
github.com/byteport/api/internal/infrastructure/secrets/provider_gcp.go:359.2,360.16 2 1
github.com/byteport/api/internal/infrastructure/secrets/provider_gcp.go:360.16,362.3 1 0
github.com/byteport/api/internal/infrastructure/secrets/provider_gcp.go:363.2,363.53 1 1
github.com/byteport/api/internal/infrastructure/secrets/provider_gcp.go:363.53,365.3 1 0
github.com/byteport/api/internal/infrastructure/secrets/provider_gcp.go:367.2,371.57 2 1
github.com/byteport/api/internal/infrastructure/secrets/provider_gcp.go:371.57,373.3 1 0
github.com/byteport/api/internal/infrastructure/secrets/provider_gcp.go:374.2,374.33 1 1
github.com/byteport/api/internal/infrastructure/secrets/provider_gcp.go:374.33,376.3 1 0
github.com/byteport/api/internal/infrastructure/secrets/provider_gcp.go:378.2,381.8 1 1
github.com/byteport/api/internal/infrastructure/secrets/provider_gcp.go:384.59,385.60 1 1
github.com/byteport/api/internal/infrastructure/secrets/provider_gcp.go:385.60,386.46 1 1
github.com/byteport/api/internal/infrastructure/secrets/provider_gcp.go:386.46,388.4 1 1
github.com/byteport/api/internal/infrastructure/secrets/provider_gcp.go:389.3,389.49 1 0
github.com/byteport/api/internal/infrastructure/secrets/provider_gcp.go:391.2,391.60 1 0
github.com/byteport/api/internal/infrastructure/secrets/provider_gcp.go:391.60,393.3 1 0
github.com/byteport/api/internal/infrastructure/secrets/provider_gcp.go:394.2,394.58 1 0
github.com/byteport/api/internal/infrastructure/secrets/provider_gcp.go:397.38,398.16 1 1
github.com/byteport/api/internal/infrastructure/secrets/provider_gcp.go:398.16,400.3 1 0
github.com/byteport/api/internal/infrastructure/secrets/provider_gcp.go:401.2,401.68 1 1
github.com/byteport/api/internal/infrastructure/secrets/provider_utils.go:28.45,32.2 1 1
github.com/byteport/api/internal/infrastructure/secrets/provider_utils.go:35.60,38.16 3 1
github.com/byteport/api/internal/infrastructure/secrets/provider_utils.go:38.16,40.3 1 0
github.com/byteport/api/internal/infrastructure/secrets/provider_utils.go:41.2,41.18 1 1
github.com/byteport/api/examples/consolidated_auth_example.go:17.34,26.85 3 0
github.com/byteport/api/examples/consolidated_auth_example.go:26.85,28.3 1 0
github.com/byteport/api/examples/consolidated_auth_example.go:30.2,30.59 1 0
github.com/byteport/api/examples/consolidated_auth_example.go:30.59,31.63 1 0
github.com/byteport/api/examples/consolidated_auth_example.go:31.63,32.99 1 0
github.com/byteport/api/examples/consolidated_auth_example.go:32.99,34.5 1 0
github.com/byteport/api/examples/consolidated_auth_example.go:39.2,44.51 3 0
github.com/byteport/api/examples/consolidated_auth_example.go:44.51,46.3 1 0
github.com/byteport/api/examples/consolidated_auth_example.go:49.2,55.45 3 0
github.com/byteport/api/examples/consolidated_auth_example.go:55.45,57.3 1 0
github.com/byteport/api/examples/consolidated_auth_example.go:60.2,60.49 1 0
github.com/byteport/api/examples/consolidated_auth_example.go:60.49,63.17 2 0
github.com/byteport/api/examples/consolidated_auth_example.go:63.17,66.4 2 0
github.com/byteport/api/examples/consolidated_auth_example.go:67.3,67.42 1 0
github.com/byteport/api/examples/consolidated_auth_example.go:70.2,70.53 1 0
github.com/byteport/api/examples/consolidated_auth_example.go:70.53,74.48 2 0
github.com/byteport/api/examples/consolidated_auth_example.go:74.48,77.4 2 0
github.com/byteport/api/examples/consolidated_auth_example.go:80.3,81.17 2 0
github.com/byteport/api/examples/consolidated_auth_example.go:81.17,84.4 2 0
github.com/byteport/api/examples/consolidated_auth_example.go:87.3,88.61 2 0
github.com/byteport/api/examples/consolidated_auth_example.go:92.2,94.2 3 0
github.com/byteport/api/examples/consolidated_auth_example.go:94.2,95.45 1 0
github.com/byteport/api/examples/consolidated_auth_example.go:95.45,98.4 2 0
github.com/byteport/api/examples/consolidated_auth_example.go:101.3,101.64 1 0
github.com/byteport/api/examples/consolidated_auth_example.go:101.64,103.51 2 0
github.com/byteport/api/examples/consolidated_auth_example.go:103.51,106.5 2 0
github.com/byteport/api/examples/consolidated_auth_example.go:109.4,110.42 2 0
github.com/byteport/api/examples/consolidated_auth_example.go:114.3,114.56 1 0
github.com/byteport/api/examples/consolidated_auth_example.go:114.56,117.18 2 0
github.com/byteport/api/examples/consolidated_auth_example.go:117.18,120.5 2 0
github.com/byteport/api/examples/consolidated_auth_example.go:123.4,125.18 3 0
github.com/byteport/api/examples/consolidated_auth_example.go:125.18,128.5 2 0
github.com/byteport/api/examples/consolidated_auth_example.go:130.4,130.23 1 0
github.com/byteport/api/examples/consolidated_auth_example.go:134.3,134.54 1 0
github.com/byteport/api/examples/consolidated_auth_example.go:134.54,137.18 2 0
github.com/byteport/api/examples/consolidated_auth_example.go:137.18,140.5 2 0
github.com/byteport/api/examples/consolidated_auth_example.go:143.4,144.18 2 0
github.com/byteport/api/examples/consolidated_auth_example.go:144.18,147.5 2 0
github.com/byteport/api/examples/consolidated_auth_example.go:150.4,150.73 1 0
github.com/byteport/api/examples/consolidated_auth_example.go:155.2,157.2 3 0
github.com/byteport/api/examples/consolidated_auth_example.go:157.2,158.47 1 0
github.com/byteport/api/examples/consolidated_auth_example.go:158.47,161.21 2 0
github.com/byteport/api/examples/consolidated_auth_example.go:161.21,167.5 1 0
github.com/byteport/api/examples/consolidated_auth_example.go:167.10,172.5 1 0
github.com/byteport/api/examples/consolidated_auth_example.go:176.2,177.21 2 0
github.com/byteport/api/examples/consolidated_auth_example.go:181.33,190.85 3 0
github.com/byteport/api/examples/consolidated_auth_example.go:190.85,192.3 1 0
github.com/byteport/api/examples/consolidated_auth_example.go:194.2,194.59 1 0
github.com/byteport/api/examples/consolidated_auth_example.go:194.59,195.63 1 0
github.com/byteport/api/examples/consolidated_auth_example.go:195.63,196.99 1 0
github.com/byteport/api/examples/consolidated_auth_example.go:196.99,198.5 1 0
github.com/byteport/api/examples/consolidated_auth_example.go:202.2,206.16 3 0
github.com/byteport/api/examples/consolidated_auth_example.go:206.16,208.3 1 0
github.com/byteport/api/examples/consolidated_auth_example.go:211.2,212.16 2 0
github.com/byteport/api/examples/consolidated_auth_example.go:212.16,214.3 1 0
github.com/byteport/api/examples/consolidated_auth_example.go:219.2,220.69 1 0
github.com/byteport/api/examples/consolidated_auth_example.go:224.29,230.16 3 0
github.com/byteport/api/examples/consolidated_auth_example.go:230.16,237.86 3 0
github.com/byteport/api/examples/consolidated_auth_example.go:237.86,239.4 1 0
github.com/byteport/api/examples/consolidated_auth_example.go:241.3,241.60 1 0
github.com/byteport/api/examples/consolidated_auth_example.go:241.60,242.64 1 0
github.com/byteport/api/examples/consolidated_auth_example.go:242.64,243.100 1 0
github.com/byteport/api/examples/consolidated_auth_example.go:243.100,245.6 1 0
github.com/byteport/api/examples/consolidated_auth_example.go:249.3,254.38 4 0
github.com/byteport/api/examples/consolidated_auth_example.go:255.9,258.3 0 0
github.com/byteport/api/examples/consolidated_auth_example.go:260.2,260.48 1 0
github.com/byteport/api/examples/consolidated_auth_example.go:260.48,261.17 1 0
github.com/byteport/api/examples/consolidated_auth_example.go:261.17,264.4 2 0
github.com/byteport/api/examples/consolidated_auth_example.go:264.9,267.4 1 0
github.com/byteport/api/cmd/migrate-auth/main.go:15.13,23.11 3 0
github.com/byteport/api/cmd/migrate-auth/main.go:23.11,26.3 2 0
github.com/byteport/api/cmd/migrate-auth/main.go:29.2,29.24 1 0
github.com/byteport/api/cmd/migrate-auth/main.go:29.24,31.3 1 0
github.com/byteport/api/cmd/migrate-auth/main.go:32.2,32.24 1 0
github.com/byteport/api/cmd/migrate-auth/main.go:32.24,34.3 1 0
github.com/byteport/api/cmd/migrate-auth/main.go:36.2,39.13 3 0
github.com/byteport/api/cmd/migrate-auth/main.go:39.13,41.3 1 0
github.com/byteport/api/cmd/migrate-auth/main.go:44.2,45.16 2 0
github.com/byteport/api/cmd/migrate-auth/main.go:45.16,47.3 1 0
github.com/byteport/api/cmd/migrate-auth/main.go:50.2,78.29 4 0
github.com/byteport/api/cmd/migrate-auth/main.go:78.29,82.14 3 0
github.com/byteport/api/cmd/migrate-auth/main.go:82.14,84.12 2 0
github.com/byteport/api/cmd/migrate-auth/main.go:87.3,87.48 1 0
github.com/byteport/api/cmd/migrate-auth/main.go:87.48,89.4 1 0
github.com/byteport/api/cmd/migrate-auth/main.go:90.3,90.34 1 0
github.com/byteport/api/cmd/migrate-auth/main.go:93.2,103.75 11 0
github.com/byteport/api/cmd/migrate-auth/main.go:112.69,114.61 1 0
github.com/byteport/api/cmd/migrate-auth/main.go:114.61,116.3 1 0
github.com/byteport/api/cmd/migrate-auth/main.go:118.2,119.12 2 0
github.com/byteport/api/cmd/migrate-auth/main.go:122.66,124.73 2 0
github.com/byteport/api/cmd/migrate-auth/main.go:124.73,126.3 1 0
github.com/byteport/api/cmd/migrate-auth/main.go:128.2,131.50 2 0
github.com/byteport/api/cmd/migrate-auth/main.go:131.50,133.3 1 0
github.com/byteport/api/cmd/migrate-auth/main.go:135.2,138.30 3 0
github.com/byteport/api/cmd/migrate-auth/main.go:138.30,141.3 2 0
github.com/byteport/api/cmd/migrate-auth/main.go:143.2,143.12 1 0
github.com/byteport/api/cmd/migrate-auth/main.go:146.67,149.85 2 0
github.com/byteport/api/cmd/migrate-auth/main.go:149.85,152.3 1 0
github.com/byteport/api/cmd/migrate-auth/main.go:154.2,162.12 6 0
github.com/byteport/api/cmd/migrate-auth/main.go:165.66,182.41 5 0
github.com/byteport/api/cmd/migrate-auth/main.go:182.41,183.46 1 0
github.com/byteport/api/cmd/migrate-auth/main.go:183.46,185.4 1 0
github.com/byteport/api/cmd/migrate-auth/main.go:185.9,188.4 2 0
github.com/byteport/api/cmd/migrate-auth/main.go:191.2,192.41 2 0
github.com/byteport/api/cmd/migrate-auth/main.go:192.41,193.46 1 0
github.com/byteport/api/cmd/migrate-auth/main.go:193.46,195.4 1 0
github.com/byteport/api/cmd/migrate-auth/main.go:195.9,197.4 1 0
github.com/byteport/api/cmd/migrate-auth/main.go:200.2,200.18 1 0
github.com/byteport/api/cmd/migrate-auth/main.go:200.18,203.3 2 0
github.com/byteport/api/cmd/migrate-auth/main.go:205.2,205.12 1 0
github.com/byteport/api/cmd/migrate-auth/main.go:208.18,235.2 26 0
github.com/byteport/api/lib/apilink.go:16.62,20.16 4 1
github.com/byteport/api/lib/apilink.go:20.16,22.3 1 0
github.com/byteport/api/lib/apilink.go:23.2,27.16 4 1
github.com/byteport/api/lib/apilink.go:27.16,29.3 1 1
github.com/byteport/api/lib/apilink.go:30.2,33.16 3 1
github.com/byteport/api/lib/apilink.go:33.16,35.3 1 0
github.com/byteport/api/lib/apilink.go:36.2,38.38 2 1
github.com/byteport/api/lib/apilink.go:38.38,40.3 1 1
github.com/byteport/api/lib/apilink.go:42.2,43.12 2 1
github.com/byteport/api/lib/apilink.go:47.55,50.16 3 1
github.com/byteport/api/lib/apilink.go:50.16,52.3 1 0
github.com/byteport/api/lib/apilink.go:53.2,57.16 4 1
github.com/byteport/api/lib/apilink.go:57.16,59.3 1 0
github.com/byteport/api/lib/apilink.go:60.2,63.16 3 1
github.com/byteport/api/lib/apilink.go:63.16,65.3 1 0
github.com/byteport/api/lib/apilink.go:66.2,68.38 2 1
github.com/byteport/api/lib/apilink.go:68.38,70.3 1 1
github.com/byteport/api/lib/apilink.go:72.2,73.12 2 0
github.com/byteport/api/lib/apilink.go:77.64,83.16 3 1
github.com/byteport/api/lib/apilink.go:83.16,85.3 1 0
github.com/byteport/api/lib/apilink.go:87.2,89.16 3 1
github.com/byteport/api/lib/apilink.go:89.16,90.43 1 1
github.com/byteport/api/lib/apilink.go:90.43,92.4 1 1
github.com/byteport/api/lib/apilink.go:93.3,93.56 1 1
github.com/byteport/api/lib/apilink.go:96.2,97.12 2 0
github.com/byteport/api/lib/auth.go:24.40,26.2 1 1
github.com/byteport/api/lib/auth.go:27.50,29.16 2 1
github.com/byteport/api/lib/auth.go:29.16,32.3 2 1
github.com/byteport/api/lib/auth.go:35.2,36.34 2 1
github.com/byteport/api/lib/auth.go:36.34,39.17 3 1
github.com/byteport/api/lib/auth.go:39.17,41.4 1 0
github.com/byteport/api/lib/auth.go:43.2,43.43 1 1
github.com/byteport/api/lib/auth.go:46.29,48.16 2 1
github.com/byteport/api/lib/auth.go:48.16,50.3 1 0
github.com/byteport/api/lib/auth.go:53.2,54.16 2 1
github.com/byteport/api/lib/auth.go:54.16,56.3 1 0
github.com/byteport/api/lib/auth.go:57.2,58.16 2 1
github.com/byteport/api/lib/auth.go:58.16,60.3 1 0
github.com/byteport/api/lib/auth.go:61.2,62.12 2 1
github.com/byteport/api/lib/auth.go:65.36,68.2 2 1
github.com/byteport/api/lib/auth.go:70.54,80.16 10 1
github.com/byteport/api/lib/auth.go:80.16,82.3 1 0
github.com/byteport/api/lib/auth.go:83.2,84.16 2 1
github.com/byteport/api/lib/auth.go:84.16,86.3 1 0
github.com/byteport/api/lib/auth.go:88.2,90.28 2 1
github.com/byteport/api/lib/auth.go:92.64,103.16 11 1
github.com/byteport/api/lib/auth.go:103.16,105.3 1 0
github.com/byteport/api/lib/auth.go:107.2,108.16 2 1
github.com/byteport/api/lib/auth.go:108.16,110.3 1 0
github.com/byteport/api/lib/auth.go:112.2,114.28 2 1
github.com/byteport/api/lib/auth.go:116.71,118.26 2 1
github.com/byteport/api/lib/auth.go:118.26,120.3 1 1
github.com/byteport/api/lib/auth.go:123.2,124.16 2 1
github.com/byteport/api/lib/auth.go:124.16,126.3 1 0
github.com/byteport/api/lib/auth.go:127.2,127.18 1 1
github.com/byteport/api/lib/auth.go:127.18,129.3 1 0
github.com/byteport/api/lib/auth.go:132.2,134.16 3 1
github.com/byteport/api/lib/auth.go:134.16,136.3 1 1
github.com/byteport/api/lib/auth.go:137.2,139.19 2 1
github.com/byteport/api/lib/auth.go:141.72,144.16 2 1
github.com/byteport/api/lib/auth.go:144.16,146.3 1 0
github.com/byteport/api/lib/auth.go:148.2,149.16 2 1
github.com/byteport/api/lib/auth.go:149.16,151.3 1 0
github.com/byteport/api/lib/auth.go:153.2,156.16 3 1
github.com/byteport/api/lib/auth.go:156.16,158.3 1 1
github.com/byteport/api/lib/auth.go:160.2,160.25 1 1
github.com/byteport/api/lib/auth.go:162.79,165.16 2 1
github.com/byteport/api/lib/auth.go:165.16,167.3 1 0
github.com/byteport/api/lib/auth.go:169.2,170.16 2 1
github.com/byteport/api/lib/auth.go:170.16,172.3 1 0
github.com/byteport/api/lib/auth.go:174.2,179.16 5 1
github.com/byteport/api/lib/auth.go:179.16,181.3 1 1
github.com/byteport/api/lib/auth.go:183.2,183.25 1 1
github.com/byteport/api/lib/auth.go:185.39,186.30 1 1
github.com/byteport/api/lib/auth.go:186.30,187.45 1 1
github.com/byteport/api/lib/auth.go:187.45,190.4 2 1
github.com/byteport/api/lib/auth.go:193.3,194.22 2 1
github.com/byteport/api/lib/auth.go:194.22,199.4 4 1
github.com/byteport/api/lib/auth.go:202.3,204.27 3 1
github.com/byteport/api/lib/auth.go:204.27,208.4 3 1
github.com/byteport/api/lib/auth.go:210.3,211.19 2 1
github.com/byteport/api/lib/auth.go:211.19,215.4 3 0
github.com/byteport/api/lib/auth.go:218.3,219.80 2 1
github.com/byteport/api/lib/auth.go:219.80,223.4 3 1
github.com/byteport/api/lib/auth.go:226.3,227.11 2 1
github.com/byteport/api/lib/crypto.go:31.42,43.16 3 1
github.com/byteport/api/lib/crypto.go:43.16,45.3 1 0
github.com/byteport/api/lib/crypto.go:47.2,47.13 1 1
github.com/byteport/api/lib/crypto.go:49.54,51.16 2 1
github.com/byteport/api/lib/crypto.go:51.16,53.3 1 0
github.com/byteport/api/lib/crypto.go:54.2,54.14 1 1
github.com/byteport/api/lib/crypto.go:56.87,58.16 2 1
github.com/byteport/api/lib/crypto.go:58.16,60.3 1 0
github.com/byteport/api/lib/crypto.go:62.2,71.25 5 1
github.com/byteport/api/lib/crypto.go:74.52,77.16 3 1
github.com/byteport/api/lib/crypto.go:77.16,79.3 1 0
github.com/byteport/api/lib/crypto.go:81.2,81.15 1 1
github.com/byteport/api/lib/crypto.go:83.83,87.16 2 1
github.com/byteport/api/lib/crypto.go:87.16,89.3 1 0
github.com/byteport/api/lib/crypto.go:92.2,97.54 2 1
github.com/byteport/api/lib/crypto.go:97.54,99.3 1 1
github.com/byteport/api/lib/crypto.go:100.2,100.19 1 1
github.com/byteport/api/lib/crypto.go:103.79,105.20 2 1
github.com/byteport/api/lib/crypto.go:105.20,107.3 1 1
github.com/byteport/api/lib/crypto.go:109.2,111.16 3 1
github.com/byteport/api/lib/crypto.go:111.16,113.3 1 1
github.com/byteport/api/lib/crypto.go:114.2,114.31 1 1
github.com/byteport/api/lib/crypto.go:114.31,116.3 1 1
github.com/byteport/api/lib/crypto.go:118.2,120.16 3 1
github.com/byteport/api/lib/crypto.go:120.16,122.3 1 1
github.com/byteport/api/lib/crypto.go:124.2,125.16 2 1
github.com/byteport/api/lib/crypto.go:125.16,127.3 1 1
github.com/byteport/api/lib/crypto.go:128.2,131.16 3 1
github.com/byteport/api/lib/crypto.go:131.16,133.3 1 1
github.com/byteport/api/lib/crypto.go:134.2,136.27 2 1
github.com/byteport/api/lib/crypto.go:140.48,142.25 2 1
github.com/byteport/api/lib/crypto.go:142.25,144.3 1 1
github.com/byteport/api/lib/crypto.go:147.2,151.16 3 1
github.com/byteport/api/lib/crypto.go:151.16,153.3 1 1
github.com/byteport/api/lib/crypto.go:156.2,157.59 2 1
github.com/byteport/api/lib/crypto.go:157.59,159.3 1 1
github.com/byteport/api/lib/crypto.go:161.2,161.24 1 1
github.com/byteport/api/lib/crypto.go:163.51,165.16 2 1
github.com/byteport/api/lib/crypto.go:165.16,167.3 1 1
github.com/byteport/api/lib/crypto.go:169.2,169.56 1 1
github.com/byteport/api/lib/crypto.go:169.56,171.3 1 0
github.com/byteport/api/lib/crypto.go:174.2,175.16 2 1
github.com/byteport/api/lib/crypto.go:175.16,177.3 1 0
github.com/byteport/api/lib/crypto.go:180.2,181.41 2 1
github.com/byteport/api/lib/crypto.go:181.41,183.3 1 0
github.com/byteport/api/lib/crypto.go:186.2,192.64 5 1
github.com/byteport/api/lib/crypto.go:195.55,198.16 2 1
github.com/byteport/api/lib/crypto.go:198.16,200.3 1 1
github.com/byteport/api/lib/crypto.go:201.2,201.56 1 1
github.com/byteport/api/lib/crypto.go:201.56,203.3 1 0
github.com/byteport/api/lib/crypto.go:206.2,207.16 2 1
github.com/byteport/api/lib/crypto.go:207.16,209.3 1 1
github.com/byteport/api/lib/crypto.go:212.2,212.31 1 1
github.com/byteport/api/lib/crypto.go:212.31,214.3 1 1
github.com/byteport/api/lib/crypto.go:215.2,220.16 4 1
github.com/byteport/api/lib/crypto.go:220.16,222.3 1 0
github.com/byteport/api/lib/crypto.go:225.2,229.31 4 1
github.com/byteport/api/lib/crypto.go:232.46,235.16 3 1
github.com/byteport/api/lib/crypto.go:235.16,237.3 1 0
github.com/byteport/api/lib/crypto.go:238.2,238.52 1 1
github.com/byteport/api/lib/crypto.go:241.47,243.2 1 1
github.com/byteport/api/lib/crypto.go:244.38,246.15 2 1
github.com/byteport/api/lib/crypto.go:246.15,249.3 2 1
github.com/byteport/api/lib/crypto.go:251.2,252.16 2 1
github.com/byteport/api/lib/crypto.go:252.16,254.3 1 0
github.com/byteport/api/lib/crypto.go:257.2,258.16 2 1
github.com/byteport/api/lib/crypto.go:258.16,260.3 1 0
github.com/byteport/api/lib/crypto.go:263.2,264.12 2 1
github.com/byteport/api/lib/crypto.go:266.45,268.16 2 1
github.com/byteport/api/lib/crypto.go:268.16,270.3 1 1
github.com/byteport/api/lib/crypto.go:271.2,274.16 3 1
github.com/byteport/api/lib/crypto.go:274.16,276.3 1 0
github.com/byteport/api/lib/crypto.go:277.2,277.12 1 1
github.com/byteport/api/lib/cloud/errors.go:39.37,40.22 1 1
github.com/byteport/api/lib/cloud/errors.go:40.22,42.3 1 1
github.com/byteport/api/lib/cloud/errors.go:43.2,43.66 1 1
github.com/byteport/api/lib/cloud/errors.go:47.37,49.2 1 1
github.com/byteport/api/lib/cloud/errors.go:52.44,54.9 2 1
github.com/byteport/api/lib/cloud/errors.go:54.9,56.3 1 1
github.com/byteport/api/lib/cloud/errors.go:57.2,57.53 1 0
github.com/byteport/api/lib/cloud/errors.go:66.89,77.2 1 1
github.com/byteport/api/lib/cloud/errors.go:88.101,101.2 1 1
github.com/byteport/api/lib/cloud/errors.go:110.75,121.2 1 1
github.com/byteport/api/lib/cloud/errors.go:129.83,140.2 1 1
github.com/byteport/api/lib/cloud/errors.go:149.85,160.2 1 1
github.com/byteport/api/lib/cloud/errors.go:169.92,181.2 1 1
github.com/byteport/api/lib/cloud/errors.go:190.85,202.2 1 1
github.com/byteport/api/lib/cloud/errors.go:210.109,222.2 1 1
github.com/byteport/api/lib/cloud/errors.go:231.74,242.2 1 1
github.com/byteport/api/lib/cloud/errors.go:282.54,283.16 1 1
github.com/byteport/api/lib/cloud/errors.go:283.16,285.3 1 1
github.com/byteport/api/lib/cloud/errors.go:288.2,289.33 2 1
github.com/byteport/api/lib/cloud/errors.go:289.33,290.28 1 1
github.com/byteport/api/lib/cloud/errors.go:290.28,292.4 1 0
github.com/byteport/api/lib/cloud/errors.go:293.3,293.51 1 1
github.com/byteport/api/lib/cloud/errors.go:293.51,294.39 1 1
github.com/byteport/api/lib/cloud/errors.go:294.39,296.5 1 1
github.com/byteport/api/lib/cloud/errors.go:300.2,301.38 2 1
github.com/byteport/api/lib/cloud/errors.go:301.38,302.33 1 1
github.com/byteport/api/lib/cloud/errors.go:302.33,304.4 1 0
github.com/byteport/api/lib/cloud/errors.go:305.3,305.51 1 1
github.com/byteport/api/lib/cloud/errors.go:305.51,306.44 1 1
github.com/byteport/api/lib/cloud/errors.go:306.44,308.5 1 1
github.com/byteport/api/lib/cloud/errors.go:312.2,313.31 2 1
github.com/byteport/api/lib/cloud/errors.go:313.31,314.26 1 1
github.com/byteport/api/lib/cloud/errors.go:314.26,316.4 1 0
github.com/byteport/api/lib/cloud/errors.go:317.3,317.51 1 1
github.com/byteport/api/lib/cloud/errors.go:317.51,318.37 1 1
github.com/byteport/api/lib/cloud/errors.go:318.37,320.5 1 1
github.com/byteport/api/lib/cloud/errors.go:324.2,325.34 2 1
github.com/byteport/api/lib/cloud/errors.go:325.34,326.29 1 1
github.com/byteport/api/lib/cloud/errors.go:326.29,328.4 1 0
github.com/byteport/api/lib/cloud/errors.go:329.3,329.51 1 1
github.com/byteport/api/lib/cloud/errors.go:329.51,330.40 1 1
github.com/byteport/api/lib/cloud/errors.go:330.40,332.5 1 1
github.com/byteport/api/lib/cloud/errors.go:337.2,338.31 2 1
github.com/byteport/api/lib/cloud/errors.go:338.31,339.26 1 0
github.com/byteport/api/lib/cloud/errors.go:339.26,341.4 1 0
github.com/byteport/api/lib/cloud/errors.go:342.3,342.51 1 0
github.com/byteport/api/lib/cloud/errors.go:342.51,343.37 1 0
github.com/byteport/api/lib/cloud/errors.go:343.37,345.5 1 0
github.com/byteport/api/lib/cloud/errors.go:350.2,350.76 1 1
github.com/byteport/api/lib/cloud/errors.go:350.76,352.3 1 1
github.com/byteport/api/lib/cloud/errors.go:354.2,354.14 1 1
github.com/byteport/api/lib/cloud/errors.go:358.70,359.34 1 1
github.com/byteport/api/lib/cloud/errors.go:359.34,361.3 1 1
github.com/byteport/api/lib/cloud/errors.go:363.2,364.31 2 1
github.com/byteport/api/lib/cloud/errors.go:364.31,366.30 2 1
github.com/byteport/api/lib/cloud/errors.go:366.30,368.9 2 0
github.com/byteport/api/lib/cloud/errors.go:372.2,372.19 1 1
github.com/byteport/api/lib/cloud/errors.go:372.19,376.3 2 1
github.com/byteport/api/lib/cloud/errors.go:378.2,378.14 1 1
github.com/byteport/api/lib/cloud/errors.go:382.96,394.2 1 1
github.com/byteport/api/lib/cloud/example_provider.go:22.73,52.2 1 1
github.com/byteport/api/lib/cloud/example_provider.go:55.58,57.2 1 1
github.com/byteport/api/lib/cloud/example_provider.go:60.76,61.62 1 1
github.com/byteport/api/lib/cloud/example_provider.go:61.62,62.36 1 1
github.com/byteport/api/lib/cloud/example_provider.go:62.36,64.4 1 1
github.com/byteport/api/lib/cloud/example_provider.go:66.2,66.14 1 1
github.com/byteport/api/lib/cloud/example_provider.go:70.58,72.2 1 1
github.com/byteport/api/lib/cloud/example_provider.go:75.90,82.2 2 1
github.com/byteport/api/lib/cloud/example_provider.go:85.74,89.2 1 1
github.com/byteport/api/lib/cloud/example_provider.go:92.105,93.38 1 1
github.com/byteport/api/lib/cloud/example_provider.go:93.38,95.3 1 1
github.com/byteport/api/lib/cloud/example_provider.go:97.2,97.21 1 1
github.com/byteport/api/lib/cloud/example_provider.go:98.36,99.40 1 1
github.com/byteport/api/lib/cloud/example_provider.go:100.38,101.39 1 1
github.com/byteport/api/lib/cloud/example_provider.go:102.10,103.67 1 0
github.com/byteport/api/lib/cloud/example_provider.go:108.106,137.2 2 1
github.com/byteport/api/lib/cloud/example_provider.go:140.105,143.2 1 1
github.com/byteport/api/lib/cloud/example_provider.go:146.90,151.2 1 1
github.com/byteport/api/lib/cloud/example_provider.go:154.116,161.2 1 1
github.com/byteport/api/lib/cloud/example_provider.go:164.80,169.2 1 1
github.com/byteport/api/lib/cloud/example_provider.go:172.106,178.2 1 1
github.com/byteport/api/lib/cloud/example_provider.go:181.105,196.2 1 1
github.com/byteport/api/lib/cloud/example_provider.go:199.106,204.2 1 1
github.com/byteport/api/lib/cloud/example_provider.go:207.84,210.2 1 1
github.com/byteport/api/lib/cloud/example_provider.go:213.112,216.2 1 1
github.com/byteport/api/lib/cloud/example_provider.go:219.117,222.2 1 1
github.com/byteport/api/lib/cloud/example_provider.go:225.107,242.2 1 1
github.com/byteport/api/lib/cloud/example_provider.go:245.118,248.2 1 1
github.com/byteport/api/lib/cloud/example_provider.go:251.102,254.2 1 1
github.com/byteport/api/lib/cloud/example_provider.go:256.104,259.2 1 1
github.com/byteport/api/lib/cloud/example_provider.go:261.97,264.2 1 1
github.com/byteport/api/lib/cloud/example_provider.go:267.14,289.2 0 1
github.com/byteport/api/lib/cloud/registry.go:27.37,28.25 1 1
github.com/byteport/api/lib/cloud/registry.go:28.25,32.3 1 1
github.com/byteport/api/lib/cloud/registry.go:33.2,33.23 1 1
github.com/byteport/api/lib/cloud/registry.go:37.95,41.25 3 1
github.com/byteport/api/lib/cloud/registry.go:41.25,50.3 1 1
github.com/byteport/api/lib/cloud/registry.go:52.2,52.20 1 1
github.com/byteport/api/lib/cloud/registry.go:52.20,61.3 1 1
github.com/byteport/api/lib/cloud/registry.go:63.2,63.53 1 1
github.com/byteport/api/lib/cloud/registry.go:63.53,73.3 1 1
github.com/byteport/api/lib/cloud/registry.go:75.2,80.12 2 1
github.com/byteport/api/lib/cloud/registry.go:84.66,88.53 3 1
github.com/byteport/api/lib/cloud/registry.go:88.53,98.3 1 1
github.com/byteport/api/lib/cloud/registry.go:100.2,101.12 2 1
github.com/byteport/api/lib/cloud/registry.go:105.101,110.13 4 1
github.com/byteport/api/lib/cloud/registry.go:110.13,120.3 1 1
github.com/byteport/api/lib/cloud/registry.go:122.2,123.16 2 1
github.com/byteport/api/lib/cloud/registry.go:123.16,125.3 1 0
github.com/byteport/api/lib/cloud/registry.go:127.2,127.22 1 1
github.com/byteport/api/lib/cloud/registry.go:131.54,136.41 4 1
github.com/byteport/api/lib/cloud/registry.go:136.41,138.3 1 1
github.com/byteport/api/lib/cloud/registry.go:140.2,140.21 1 1
github.com/byteport/api/lib/cloud/registry.go:144.90,149.13 4 1
github.com/byteport/api/lib/cloud/registry.go:149.13,151.3 1 1
github.com/byteport/api/lib/cloud/registry.go:153.2,153.71 1 1
github.com/byteport/api/lib/cloud/registry.go:153.71,154.36 1 1
github.com/byteport/api/lib/cloud/registry.go:154.36,156.4 1 1
github.com/byteport/api/lib/cloud/registry.go:159.2,159.14 1 1
github.com/byteport/api/lib/cloud/registry.go:163.88,168.13 4 1
github.com/byteport/api/lib/cloud/registry.go:168.13,178.3 1 1
github.com/byteport/api/lib/cloud/registry.go:180.2,180.34 1 1
github.com/byteport/api/lib/cloud/registry.go:184.71,185.66 1 1
github.com/byteport/api/lib/cloud/registry.go:185.66,186.81 1 1
github.com/byteport/api/lib/cloud/registry.go:191.47,193.16 2 1
github.com/byteport/api/lib/cloud/registry.go:193.16,195.3 1 0
github.com/byteport/api/lib/cloud/registry.go:197.2,201.15 4 1
github.com/byteport/api/lib/cloud/registry.go:205.64,210.40 4 1
github.com/byteport/api/lib/cloud/registry.go:210.40,211.61 1 1
github.com/byteport/api/lib/cloud/registry.go:211.61,212.37 1 1
github.com/byteport/api/lib/cloud/registry.go:212.37,214.10 2 1
github.com/byteport/api/lib/cloud/registry.go:219.2,219.18 1 1
github.com/byteport/api/lib/cloud/registry.go:231.66,234.16 3 1
github.com/byteport/api/lib/cloud/registry.go:234.16,236.3 1 1
github.com/byteport/api/lib/cloud/registry.go:238.2,243.8 1 1
github.com/byteport/api/internal/container/container.go:34.43,46.2 6 1
github.com/byteport/api/internal/container/container.go:49.40,51.2 1 1
github.com/byteport/api/internal/container/container.go:54.42,56.2 1 1
github.com/byteport/api/internal/container/container.go:59.36,83.2 5 1
github.com/byteport/api/internal/container/container.go:86.36,94.2 1 1
github.com/byteport/api/repositories/deployment_repository.go:18.50,19.14 1 1
github.com/byteport/api/repositories/deployment_repository.go:19.14,21.3 1 1
github.com/byteport/api/repositories/deployment_repository.go:22.2,22.24 1 1
github.com/byteport/api/repositories/deployment_repository.go:26.51,27.18 1 1
github.com/byteport/api/repositories/deployment_repository.go:27.18,30.3 2 0
github.com/byteport/api/repositories/deployment_repository.go:32.2,33.9 2 1
github.com/byteport/api/repositories/deployment_repository.go:33.9,35.3 1 0
github.com/byteport/api/repositories/deployment_repository.go:37.2,37.33 1 1
github.com/byteport/api/repositories/deployment_repository.go:74.73,76.2 1 1
github.com/byteport/api/repositories/deployment_repository.go:78.73,79.25 1 1
github.com/byteport/api/repositories/deployment_repository.go:79.25,81.3 1 1
github.com/byteport/api/repositories/deployment_repository.go:82.2,85.38 3 1
github.com/byteport/api/repositories/deployment_repository.go:88.76,91.16 3 1
github.com/byteport/api/repositories/deployment_repository.go:91.16,92.36 1 1
github.com/byteport/api/repositories/deployment_repository.go:92.36,94.4 1 1
github.com/byteport/api/repositories/deployment_repository.go:95.3,95.18 1 0
github.com/byteport/api/repositories/deployment_repository.go:97.2,97.25 1 1
github.com/byteport/api/repositories/deployment_repository.go:100.86,104.2 3 1
github.com/byteport/api/repositories/deployment_repository.go:106.73,109.2 2 1
github.com/byteport/api/repositories/deployment_repository.go:111.60,113.2 1 1
github.com/byteport/api/repositories/deployment_repository.go:115.66,119.2 3 1
github.com/byteport/api/repositories/deployment_repository.go:121.86,125.2 3 1
github.com/byteport/api/repositories/deployment_repository.go:127.90,131.2 3 1
github.com/byteport/api/repositories/deployment_repository.go:141.70,145.2 1 1
github.com/byteport/api/repositories/deployment_repository.go:147.77,151.25 3 1
github.com/byteport/api/repositories/deployment_repository.go:151.25,153.3 1 1
github.com/byteport/api/repositories/deployment_repository.go:154.2,158.12 4 1
github.com/byteport/api/repositories/deployment_repository.go:161.80,166.13 4 1
github.com/byteport/api/repositories/deployment_repository.go:166.13,168.3 1 1
github.com/byteport/api/repositories/deployment_repository.go:171.2,172.19 2 1
github.com/byteport/api/repositories/deployment_repository.go:175.90,180.43 4 1
github.com/byteport/api/repositories/deployment_repository.go:180.43,181.34 1 1
github.com/byteport/api/repositories/deployment_repository.go:181.34,184.4 2 1
github.com/byteport/api/repositories/deployment_repository.go:187.2,187.25 1 1
github.com/byteport/api/repositories/deployment_repository.go:190.77,194.56 3 1
github.com/byteport/api/repositories/deployment_repository.go:194.56,196.3 1 0
github.com/byteport/api/repositories/deployment_repository.go:198.2,200.12 3 1
github.com/byteport/api/repositories/deployment_repository.go:203.64,207.45 3 1
github.com/byteport/api/repositories/deployment_repository.go:207.45,209.3 1 0
github.com/byteport/api/repositories/deployment_repository.go:211.2,212.12 2 1
github.com/byteport/api/repositories/deployment_repository.go:215.70,220.43 4 1
github.com/byteport/api/repositories/deployment_repository.go:220.43,223.3 2 1
github.com/byteport/api/repositories/deployment_repository.go:225.2,225.25 1 1
github.com/byteport/api/repositories/deployment_repository.go:228.90,233.43 4 1
github.com/byteport/api/repositories/deployment_repository.go:233.43,234.34 1 1
github.com/byteport/api/repositories/deployment_repository.go:234.34,237.4 2 1
github.com/byteport/api/repositories/deployment_repository.go:240.2,240.25 1 1
github.com/byteport/api/repositories/deployment_repository.go:243.94,248.43 4 1
github.com/byteport/api/repositories/deployment_repository.go:248.43,249.38 1 1
github.com/byteport/api/repositories/deployment_repository.go:249.38,252.4 2 1
github.com/byteport/api/repositories/deployment_repository.go:255.2,255.25 1 1
github.com/byteport/api/testhelpers/database.go:27.40,44.16 4 0
github.com/byteport/api/testhelpers/database.go:44.16,46.3 1 0
github.com/byteport/api/testhelpers/database.go:49.2,50.16 2 0
github.com/byteport/api/testhelpers/database.go:50.16,52.3 1 0
github.com/byteport/api/testhelpers/database.go:55.2,58.16 2 0
github.com/byteport/api/testhelpers/database.go:58.16,60.3 1 0
github.com/byteport/api/testhelpers/database.go:63.2,64.16 2 0
github.com/byteport/api/testhelpers/database.go:64.16,66.3 1 0
github.com/byteport/api/testhelpers/database.go:68.2,68.37 1 0
github.com/byteport/api/testhelpers/database.go:68.37,70.3 1 0
github.com/byteport/api/testhelpers/database.go:72.2,79.19 2 0
github.com/byteport/api/testhelpers/database.go:79.19,81.3 1 0
github.com/byteport/api/testhelpers/database.go:83.2,83.15 1 0
github.com/byteport/api/testhelpers/database.go:87.46,93.16 3 0
github.com/byteport/api/testhelpers/database.go:93.16,95.3 1 0
github.com/byteport/api/testhelpers/database.go:97.2,101.19 2 0
github.com/byteport/api/testhelpers/database.go:101.19,102.40 1 0
github.com/byteport/api/testhelpers/database.go:102.40,104.4 1 0
github.com/byteport/api/testhelpers/database.go:107.2,107.15 1 0
github.com/byteport/api/testhelpers/database.go:111.30,112.19 1 1
github.com/byteport/api/testhelpers/database.go:112.19,114.17 2 0
github.com/byteport/api/testhelpers/database.go:114.17,116.4 1 0
github.com/byteport/api/testhelpers/database.go:119.2,119.26 1 1
github.com/byteport/api/testhelpers/database.go:119.26,123.3 3 0
github.com/byteport/api/testhelpers/database.go:127.60,128.35 1 0
github.com/byteport/api/testhelpers/database.go:128.35,129.92 1 0
github.com/byteport/api/testhelpers/database.go:129.92,131.4 1 0
github.com/byteport/api/testhelpers/database.go:133.2,133.12 1 0
github.com/byteport/api/testhelpers/database.go:137.68,138.52 1 0
github.com/byteport/api/testhelpers/database.go:138.52,139.32 1 0
github.com/byteport/api/testhelpers/database.go:139.32,141.4 1 0
github.com/byteport/api/testhelpers/database.go:143.3,143.37 1 0
github.com/byteport/api/testhelpers/database.go:148.48,150.2 1 0
github.com/byteport/api/testhelpers/database.go:153.63,155.2 1 0
github.com/byteport/api/testhelpers/fixtures.go:164.60,175.37 2 1
github.com/byteport/api/testhelpers/fixtures.go:175.37,177.3 1 1
github.com/byteport/api/testhelpers/fixtures.go:179.2,179.13 1 1
github.com/byteport/api/testhelpers/fixtures.go:183.84,196.37 2 1
github.com/byteport/api/testhelpers/fixtures.go:196.37,198.3 1 1
github.com/byteport/api/testhelpers/fixtures.go:200.2,200.16 1 1
github.com/byteport/api/testhelpers/fixtures.go:204.96,217.37 2 1
github.com/byteport/api/testhelpers/fixtures.go:217.37,219.3 1 1
github.com/byteport/api/testhelpers/fixtures.go:221.2,221.19 1 1
github.com/byteport/api/testhelpers/http.go:30.31,33.2 2 1
github.com/byteport/api/testhelpers/http.go:36.83,39.31 2 1
github.com/byteport/api/testhelpers/http.go:39.31,40.37 1 1
github.com/byteport/api/testhelpers/http.go:40.37,45.22 3 1
github.com/byteport/api/testhelpers/http.go:45.22,49.5 3 1
github.com/byteport/api/testhelpers/http.go:52.4,56.39 3 1
github.com/byteport/api/testhelpers/http.go:56.39,58.5 1 1
github.com/byteport/api/testhelpers/http.go:61.4,68.30 4 1
github.com/byteport/api/testhelpers/http.go:68.30,73.62 4 1
github.com/byteport/api/testhelpers/http.go:73.62,75.6 1 0
github.com/byteport/api/testhelpers/http.go:79.4,79.31 1 1
github.com/byteport/api/testhelpers/http.go:79.31,81.5 1 1
github.com/byteport/api/testhelpers/http.go:87.83,90.17 2 1
github.com/byteport/api/testhelpers/http.go:90.17,92.17 2 1
github.com/byteport/api/testhelpers/http.go:92.17,94.4 1 0
github.com/byteport/api/testhelpers/http.go:95.3,95.42 1 1
github.com/byteport/api/testhelpers/http.go:98.2,99.16 2 1
github.com/byteport/api/testhelpers/http.go:99.16,101.3 1 0
github.com/byteport/api/testhelpers/http.go:103.2,104.17 2 1
github.com/byteport/api/testhelpers/http.go:108.91,114.2 4 1
github.com/byteport/api/testhelpers/http.go:117.94,123.52 4 1
github.com/byteport/api/testhelpers/http.go:123.52,125.3 1 0
github.com/byteport/api/testhelpers/http.go:129.97,139.2 5 1
github.com/byteport/api/testhelpers/http.go:142.102,146.50 3 1
github.com/byteport/api/testhelpers/http.go:146.50,149.3 2 1
github.com/byteport/api/testhelpers/http.go:153.109,155.16 2 1
github.com/byteport/api/testhelpers/http.go:155.16,157.3 1 0
github.com/byteport/api/testhelpers/http.go:160.2,163.17 3 1
github.com/byteport/api/testhelpers/http.go:167.51,171.2 1 1
github.com/byteport/api/testhelpers/http.go:174.44,175.30 1 1
github.com/byteport/api/testhelpers/http.go:175.30,177.23 2 1
github.com/byteport/api/testhelpers/http.go:177.23,181.4 3 1
github.com/byteport/api/testhelpers/http.go:184.3,184.58 1 1
github.com/byteport/api/testhelpers/http.go:184.58,188.4 3 1
github.com/byteport/api/testhelpers/http.go:188.9,192.4 3 1
github.com/byteport/api/testhelpers/http.go:194.3,194.11 1 1
github.com/byteport/api/testhelpers/http.go:199.97,206.39 5 1
github.com/byteport/api/testhelpers/http.go:206.39,209.3 2 1
github.com/byteport/api/testhelpers/http.go:213.69,217.2 1 1
github.com/byteport/api/models/data.go:16.24,19.15 2 0
github.com/byteport/api/models/data.go:19.15,23.3 2 0
github.com/byteport/api/models/data.go:26.2,27.40 2 0
github.com/byteport/api/models/data.go:27.40,29.3 1 0
github.com/byteport/api/models/data.go:32.2,34.29 1 0
github.com/byteport/api/models/data.go:34.29,36.4 1 0
github.com/byteport/api/models/data.go:42.2,42.16 1 0
github.com/byteport/api/models/data.go:42.16,44.3 1 0
github.com/byteport/api/models/data.go:47.2,48.16 2 0
github.com/byteport/api/models/data.go:48.16,50.3 1 0
github.com/byteport/api/models/data.go:53.2,58.37 4 0
github.com/byteport/api/models/data.go:58.37,60.3 1 0
github.com/byteport/api/models/data.go:62.2,75.16 3 0
github.com/byteport/api/models/data.go:75.16,77.3 1 0
github.com/byteport/api/models/data.go:79.2,81.15 2 0
github.com/byteport/api/models/deployments.go:102.38,104.2 1 0
github.com/byteport/api/models/deployments.go:106.41,108.2 1 0
github.com/byteport/api/models/deployments.go:110.46,112.2 1 0
github.com/byteport/api/models/deployments.go:114.43,116.2 1 0
github.com/byteport/api/models/deployments.go:118.38,120.2 1 0
github.com/byteport/api/models/deployments.go:125.47,129.26 3 0
github.com/byteport/api/models/deployments.go:129.26,132.3 2 0
github.com/byteport/api/models/deployments.go:132.8,132.35 1 0
github.com/byteport/api/models/deployments.go:132.35,135.3 2 0
github.com/byteport/api/models/deployments.go:139.38,141.2 1 0
github.com/byteport/api/models/deployments.go:144.38,146.2 1 0
github.com/byteport/api/models/deployments.go:149.42,151.2 1 0
github.com/byteport/api/models/hosts.go:120.32,122.2 1 0
github.com/byteport/api/models/hosts.go:124.42,126.2 1 0
github.com/byteport/api/models/hosts.go:128.38,130.2 1 0
github.com/byteport/api/models/hosts.go:132.35,134.2 1 0
github.com/byteport/api/models/hosts.go:139.32,140.26 1 0
github.com/byteport/api/models/hosts.go:140.26,142.3 1 0
github.com/byteport/api/models/hosts.go:144.2,144.28 1 0
github.com/byteport/api/models/hosts.go:144.28,146.3 1 0
github.com/byteport/api/models/hosts.go:149.2,149.53 1 0
github.com/byteport/api/models/hosts.go:153.43,155.2 1 0
github.com/byteport/api/models/hosts.go:158.34,163.2 4 0
github.com/byteport/api/models/hosts.go:168.44,170.2 1 0
github.com/byteport/api/models/hosts.go:173.52,176.2 2 0
github.com/byteport/api/models/projects.go:51.51,53.2 1 1
github.com/byteport/api/models/projects.go:54.57,56.2 1 1
github.com/byteport/api/models/projects.go:57.49,59.26 2 0
github.com/byteport/api/models/projects.go:59.26,62.17 3 0
github.com/byteport/api/models/projects.go:62.17,64.4 1 0
github.com/byteport/api/models/projects.go:65.3,66.57 2 0
github.com/byteport/api/models/projects.go:68.2,68.18 1 0
github.com/byteport/api/models/projects.go:68.18,71.3 2 0
github.com/byteport/api/models/projects.go:72.2,72.12 1 0
github.com/byteport/api/models/projects.go:75.48,76.29 1 0
github.com/byteport/api/models/projects.go:76.29,78.3 1 0
github.com/byteport/api/models/projects.go:79.2,80.12 2 0
github.com/byteport/api/models/providers.go:80.42,82.2 1 0
github.com/byteport/api/models/providers.go:84.44,86.2 1 0
github.com/byteport/api/models/providers.go:88.40,90.2 1 0
github.com/byteport/api/models/providers.go:95.65,99.2 1 0
github.com/byteport/api/models/providers.go:102.84,106.2 1 0
github.com/byteport/api/models/providers.go:111.69,115.2 1 0
github.com/byteport/api/models/providers.go:118.64,121.35 2 0
github.com/byteport/api/models/providers.go:121.35,123.3 1 0
github.com/byteport/api/models/providers.go:124.2,124.35 1 0
github.com/byteport/api/models/providers.go:124.35,126.3 1 0
github.com/byteport/api/models/providers.go:127.2,127.37 1 0
github.com/byteport/api/models/providers.go:127.37,129.3 1 0
github.com/byteport/api/models/providers.go:131.2,131.15 1 0
github.com/byteport/api/models/providers.go:137.43,139.2 1 0
github.com/byteport/api/models/providers.go:142.43,144.2 1 0
github.com/byteport/api/models/users_workos.go:19.38,21.2 1 0
github.com/byteport/api/models/users_workos.go:38.65,49.2 1 0
github.com/byteport/api/models/users_workos.go:54.62,58.2 3 0
github.com/byteport/api/models/users_workos.go:61.80,72.2 3 0
github.com/byteport/api/models/users_workos.go:75.86,77.16 2 0
github.com/byteport/api/models/users_workos.go:77.16,79.3 1 0
github.com/byteport/api/models/users_workos.go:82.2,84.16 3 0
github.com/byteport/api/models/users_workos.go:84.16,89.3 3 0
github.com/byteport/api/models/users_workos.go:92.2,92.45 1 0
github.com/byteport/api/internal/infrastructure/clients/credential_validator.go:33.86,36.52 1 1
github.com/byteport/api/internal/infrastructure/clients/credential_validator.go:36.52,38.4 1 1
github.com/byteport/api/internal/infrastructure/clients/credential_validator.go:41.2,41.27 1 1
github.com/byteport/api/internal/infrastructure/clients/credential_validator.go:41.27,43.3 1 1
github.com/byteport/api/internal/infrastructure/clients/credential_validator.go:45.2,45.18 1 1
github.com/byteport/api/internal/infrastructure/clients/credential_validator.go:49.65,50.39 1 0
github.com/byteport/api/internal/infrastructure/clients/credential_validator.go:50.39,51.20 1 0
github.com/byteport/api/internal/infrastructure/clients/credential_validator.go:51.20,53.4 1 0
github.com/byteport/api/internal/infrastructure/clients/credential_validator.go:58.86,59.39 1 1
github.com/byteport/api/internal/infrastructure/clients/credential_validator.go:59.39,60.21 1 1
github.com/byteport/api/internal/infrastructure/clients/credential_validator.go:60.21,62.4 1 1
github.com/byteport/api/internal/infrastructure/clients/credential_validator.go:67.100,68.18 1 1
github.com/byteport/api/internal/infrastructure/clients/credential_validator.go:68.18,70.3 1 1
github.com/byteport/api/internal/infrastructure/clients/credential_validator.go:72.2,76.16 3 1
github.com/byteport/api/internal/infrastructure/clients/credential_validator.go:76.16,78.3 1 1
github.com/byteport/api/internal/infrastructure/clients/credential_validator.go:80.2,80.12 1 1
github.com/byteport/api/internal/infrastructure/clients/credential_validator.go:84.127,85.23 1 1
github.com/byteport/api/internal/infrastructure/clients/credential_validator.go:85.23,87.3 1 1
github.com/byteport/api/internal/infrastructure/clients/credential_validator.go:88.2,88.27 1 1
github.com/byteport/api/internal/infrastructure/clients/credential_validator.go:88.27,90.3 1 1
github.com/byteport/api/internal/infrastructure/clients/credential_validator.go:91.2,91.18 1 1
github.com/byteport/api/internal/infrastructure/clients/credential_validator.go:91.18,93.3 1 1
github.com/byteport/api/internal/infrastructure/clients/credential_validator.go:96.2,104.16 2 1
github.com/byteport/api/internal/infrastructure/clients/credential_validator.go:104.16,106.3 1 0
github.com/byteport/api/internal/infrastructure/clients/credential_validator.go:109.2,111.16 3 1
github.com/byteport/api/internal/infrastructure/clients/credential_validator.go:111.16,113.3 1 1
github.com/byteport/api/internal/infrastructure/clients/credential_validator.go:115.2,115.12 1 0
github.com/byteport/api/internal/infrastructure/clients/credential_validator.go:120.105,121.20 1 1
github.com/byteport/api/internal/infrastructure/clients/credential_validator.go:121.20,123.3 1 1
github.com/byteport/api/internal/infrastructure/clients/credential_validator.go:124.2,124.18 1 1
github.com/byteport/api/internal/infrastructure/clients/credential_validator.go:124.18,126.3 1 1
github.com/byteport/api/internal/infrastructure/clients/credential_validator.go:129.2,130.16 2 1
github.com/byteport/api/internal/infrastructure/clients/credential_validator.go:130.16,132.3 1 0
github.com/byteport/api/internal/infrastructure/clients/credential_validator.go:134.2,138.16 4 1
github.com/byteport/api/internal/infrastructure/clients/credential_validator.go:138.16,140.3 1 1
github.com/byteport/api/internal/infrastructure/clients/credential_validator.go:141.2,143.53 2 1
github.com/byteport/api/internal/infrastructure/clients/credential_validator.go:143.53,145.3 1 1
github.com/byteport/api/internal/infrastructure/clients/credential_validator.go:147.2,147.12 1 1
github.com/byteport/api/internal/infrastructure/clients/credential_validator.go:158.128,162.31 2 1
github.com/byteport/api/internal/infrastructure/clients/credential_validator.go:162.31,169.3 2 1
github.com/byteport/api/internal/infrastructure/clients/credential_validator.go:172.2,172.68 1 1
github.com/byteport/api/internal/infrastructure/clients/credential_validator.go:172.68,179.3 2 1
github.com/byteport/api/internal/infrastructure/clients/credential_validator.go:182.2,182.68 1 1
github.com/byteport/api/internal/infrastructure/clients/credential_validator.go:182.68,189.3 2 1
github.com/byteport/api/internal/infrastructure/clients/credential_validator.go:191.2,191.16 1 1
github.com/byteport/api/internal/infrastructure/clients/credential_validator.go:213.36,214.16 1 1
github.com/byteport/api/internal/infrastructure/clients/credential_validator.go:214.16,216.3 1 1
github.com/byteport/api/internal/infrastructure/clients/credential_validator.go:217.2,217.20 1 1
github.com/byteport/api/internal/infrastructure/clients/credential_validator.go:221.78,223.2 1 1
github.com/byteport/api/internal/infrastructure/clients/credential_validator.go:226.134,227.18 1 1
github.com/byteport/api/internal/infrastructure/clients/credential_validator.go:227.18,229.3 1 1
github.com/byteport/api/internal/infrastructure/clients/credential_validator.go:231.2,238.3 1 1
